meeting_key,session_key,driver_number,broadcast_name,full_name,name_acronym,team_name,team_colour,first_name,last_name,headshot_url,country_code,session_name,year,driver_session_key
1218,9153,1,M VERSTAPPEN,Max VERSTAPPEN,VER,Red Bull Racing,3671C6,Max,Verstappen,https://www.formula1.com/content/dam/fom-website/drivers/M/MAXVER01_Max_Verstappen/maxver01.png.transform/1col/image.png,NED,Qualifying,2023,1_9153
1218,9153,2,L SARGEANT,Logan SARGEANT,SAR,Williams,37BEDD,Logan,Sargeant,https://www.formula1.com/content/dam/fom-website/drivers/L/LOGSAR01_Logan_Sargeant/logsar01.png.transform/1col/image.png,USA,Qualifying,2023,2_9153
1218,9153,4,L NORRIS,Lando NORRIS,NOR,McLaren,F58020,Lando,Norris,https://www.formula1.com/content/dam/fom-website/drivers/L/LANNOR01_Lando_Norris/lannor01.png.transform/1col/image.png,GBR,Qualifying,2023,4_9153
1218,9153,10,P GASLY,Pierre GASLY,GAS,Alpine,2293D1,Pierre,Gasly,https://www.formula1.com/content/dam/fom-website/drivers/P/PIEGAS01_Pierre_Gasly/piegas01.png.transform/1col/image.png,FRA,Qualifying,2023,10_9153
1218,9153,11,S PEREZ,Sergio PEREZ,PER,Red Bull Racing,3671C6,Sergio,Perez,https://www.formula1.com/content/dam/fom-website/drivers/S/SERPER01_Sergio_Perez/serper01.png.transform/1col/image.png,MEX,Qualifying,2023,11_9153
1218,9153,14,F ALONSO,Fernando ALONSO,ALO,Aston Martin,358C75,Fernando,Alonso,https://www.formula1.com/content/dam/fom-website/drivers/F/FERALO01_Fernando_Alonso/feralo01.png.transform/1col/image.png,ESP,Qualifying,2023,14_9153
1218,9153,16,C LECLERC,Charles LECLERC,LEC,Ferrari,F91536,Charles,Leclerc,https://www.formula1.com/content/dam/fom-website/drivers/C/CHALEC01_Charles_Leclerc/chalec01.png.transform/1col/image.png,MON,Qualifying,2023,16_9153
1218,9153,18,L STROLL,Lance STROLL,STR,Aston Martin,358C75,Lance,Stroll,https://www.formula1.com/content/dam/fom-website/drivers/L/LANSTR01_Lance_Stroll/lanstr01.png.transform/1col/image.png,CAN,Qualifying,2023,18_9153
1218,9153,20,K MAGNUSSEN,Kevin MAGNUSSEN,MAG,Haas F1 Team,B6BABD,Kevin,Magnussen,https://www.formula1.com/content/dam/fom-website/drivers/K/KEVMAG01_Kevin_Magnussen/kevmag01.png.transform/1col/image.png,DEN,Qualifying,2023,20_9153
1218,9153,22,Y TSUNODA,Yuki TSUNODA,TSU,AlphaTauri,5E8FAA,Yuki,Tsunoda,https://www.formula1.com/content/dam/fom-website/drivers/Y/YUKTSU01_Yuki_Tsunoda/yuktsu01.png.transform/1col/image.png,JPN,Qualifying,2023,22_9153
1218,9153,23,A ALBON,Alexander ALBON,ALB,Williams,37BEDD,Alexander,Albon,https://www.formula1.com/content/dam/fom-website/drivers/A/ALEALB01_Alexander_Albon/alealb01.png.transform/1col/image.png,THA,Qualifying,2023,23_9153
1218,9153,24,G ZHOU,ZHOU Guanyu,ZHO,Alfa Romeo,C92D4B,Guanyu,Zhou,https://www.formula1.com/content/dam/fom-website/drivers/G/GUAZHO01_Guanyu_Zhou/guazho01.png.transform/1col/image.png,CHN,Qualifying,2023,24_9153
1218,9153,27,N HULKENBERG,Nico HULKENBERG,HUL,Haas F1 Team,B6BABD,Nico,Hulkenberg,https://www.formula1.com/content/dam/fom-website/drivers/N/NICHUL01_Nico_Hulkenberg/nichul01.png.transform/1col/image.png,GER,Qualifying,2023,27_9153
1218,9153,31,E OCON,Esteban OCON,OCO,Alpine,2293D1,Esteban,Ocon,https://www.formula1.com/content/dam/fom-website/drivers/E/ESTOCO01_Esteban_Ocon/estoco01.png.transform/1col/image.png,FRA,Qualifying,2023,31_9153
1218,9153,40,L LAWSON,Liam LAWSON,LAW,AlphaTauri,5E8FAA,Liam,Lawson,,NZL,Qualifying,2023,40_9153
1218,9153,44,L HAMILTON,Lewis HAMILTON,HAM,Mercedes,6CD3BF,Lewis,Hamilton,https://www.formula1.com/content/dam/fom-website/drivers/L/LEWHAM01_Lewis_Hamilton/lewham01.png.transform/1col/image.png,GBR,Qualifying,2023,44_9153
1218,9153,55,C SAINZ,Carlos SAINZ,SAI,Ferrari,F91536,Carlos,Sainz,https://www.formula1.com/content/dam/fom-website/drivers/C/CARSAI01_Carlos_Sainz/carsai01.png.transform/1col/image.png,ESP,Qualifying,2023,55_9153
1218,9153,63,G RUSSELL,George RUSSELL,RUS,Mercedes,6CD3BF,George,Russell,https://www.formula1.com/content/dam/fom-website/drivers/G/GEORUS01_George_Russell/georus01.png.transform/1col/image.png,GBR,Qualifying,2023,63_9153
1218,9153,77,V BOTTAS,Valtteri BOTTAS,BOT,Alfa Romeo,C92D4B,Valtteri,Bottas,https://www.formula1.com/content/dam/fom-website/drivers/V/VALBOT01_Valtteri_Bottas/valbot01.png.transform/1col/image.png,FIN,Qualifying,2023,77_9153
1218,9153,81,O PIASTRI,Oscar PIASTRI,PIA,McLaren,F58020,Oscar,Piastri,https://www.formula1.com/content/dam/fom-website/drivers/O/OSCPIA01_Oscar_Piastri/oscpia01.png.transform/1col/image.png,AUS,Qualifying,2023,81_9153
1218,9157,1,M VERSTAPPEN,Max VERSTAPPEN,VER,Red Bull Racing,3671C6,Max,Verstappen,https://www.formula1.com/content/dam/fom-website/drivers/M/MAXVER01_Max_Verstappen/maxver01.png.transform/1col/image.png,NED,Race,2023,1_9157
1218,9157,2,L SARGEANT,Logan SARGEANT,SAR,Williams,37BEDD,Logan,Sargeant,https://www.formula1.com/content/dam/fom-website/drivers/L/LOGSAR01_Logan_Sargeant/logsar01.png.transform/1col/image.png,USA,Race,2023,2_9157
1218,9157,4,L NORRIS,Lando NORRIS,NOR,McLaren,F58020,Lando,Norris,https://www.formula1.com/content/dam/fom-website/drivers/L/LANNOR01_Lando_Norris/lannor01.png.transform/1col/image.png,GBR,Race,2023,4_9157
1218,9157,10,P GASLY,Pierre GASLY,GAS,Alpine,2293D1,Pierre,Gasly,https://www.formula1.com/content/dam/fom-website/drivers/P/PIEGAS01_Pierre_Gasly/piegas01.png.transform/1col/image.png,FRA,Race,2023,10_9157
1218,9157,11,S PEREZ,Sergio PEREZ,PER,Red Bull Racing,3671C6,Sergio,Perez,https://www.formula1.com/content/dam/fom-website/drivers/S/SERPER01_Sergio_Perez/serper01.png.transform/1col/image.png,MEX,Race,2023,11_9157
1218,9157,14,F ALONSO,Fernando ALONSO,ALO,Aston Martin,358C75,Fernando,Alonso,https://www.formula1.com/content/dam/fom-website/drivers/F/FERALO01_Fernando_Alonso/feralo01.png.transform/1col/image.png,ESP,Race,2023,14_9157
1218,9157,16,C LECLERC,Charles LECLERC,LEC,Ferrari,F91536,Charles,Leclerc,https://www.formula1.com/content/dam/fom-website/drivers/C/CHALEC01_Charles_Leclerc/chalec01.png.transform/1col/image.png,MON,Race,2023,16_9157
1218,9157,18,L STROLL,Lance STROLL,STR,Aston Martin,358C75,Lance,Stroll,https://www.formula1.com/content/dam/fom-website/drivers/L/LANSTR01_Lance_Stroll/lanstr01.png.transform/1col/image.png,CAN,Race,2023,18_9157
1218,9157,20,K MAGNUSSEN,Kevin MAGNUSSEN,MAG,Haas F1 Team,B6BABD,Kevin,Magnussen,https://www.formula1.com/content/dam/fom-website/drivers/K/KEVMAG01_Kevin_Magnussen/kevmag01.png.transform/1col/image.png,DEN,Race,2023,20_9157
1218,9157,22,Y TSUNODA,Yuki TSUNODA,TSU,AlphaTauri,5E8FAA,Yuki,Tsunoda,https://www.formula1.com/content/dam/fom-website/drivers/Y/YUKTSU01_Yuki_Tsunoda/yuktsu01.png.transform/1col/image.png,JPN,Race,2023,22_9157
1218,9157,23,A ALBON,Alexander ALBON,ALB,Williams,37BEDD,Alexander,Albon,https://www.formula1.com/content/dam/fom-website/drivers/A/ALEALB01_Alexander_Albon/alealb01.png.transform/1col/image.png,THA,Race,2023,23_9157
1218,9157,24,G ZHOU,ZHOU Guanyu,ZHO,Alfa Romeo,C92D4B,Guanyu,Zhou,https://www.formula1.com/content/dam/fom-website/drivers/G/GUAZHO01_Guanyu_Zhou/guazho01.png.transform/1col/image.png,CHN,Race,2023,24_9157
1218,9157,27,N HULKENBERG,Nico HULKENBERG,HUL,Haas F1 Team,B6BABD,Nico,Hulkenberg,https://www.formula1.com/content/dam/fom-website/drivers/N/NICHUL01_Nico_Hulkenberg/nichul01.png.transform/1col/image.png,GER,Race,2023,27_9157
1218,9157,31,E OCON,Esteban OCON,OCO,Alpine,2293D1,Esteban,Ocon,https://www.formula1.com/content/dam/fom-website/drivers/E/ESTOCO01_Esteban_Ocon/estoco01.png.transform/1col/image.png,FRA,Race,2023,31_9157
1218,9157,40,L LAWSON,Liam LAWSON,LAW,AlphaTauri,5E8FAA,Liam,Lawson,,NZL,Race,2023,40_9157
1218,9157,44,L HAMILTON,Lewis HAMILTON,HAM,Mercedes,6CD3BF,Lewis,Hamilton,https://www.formula1.com/content/dam/fom-website/drivers/L/LEWHAM01_Lewis_Hamilton/lewham01.png.transform/1col/image.png,GBR,Race,2023,44_9157
1218,9157,55,C SAINZ,Carlos SAINZ,SAI,Ferrari,F91536,Carlos,Sainz,https://www.formula1.com/content/dam/fom-website/drivers/C/CARSAI01_Carlos_Sainz/carsai01.png.transform/1col/image.png,ESP,Race,2023,55_9157
1218,9157,63,G RUSSELL,George RUSSELL,RUS,Mercedes,6CD3BF,George,Russell,https://www.formula1.com/content/dam/fom-website/drivers/G/GEORUS01_George_Russell/georus01.png.transform/1col/image.png,GBR,Race,2023,63_9157
1218,9157,77,V BOTTAS,Valtteri BOTTAS,BOT,Alfa Romeo,C92D4B,Valtteri,Bottas,https://www.formula1.com/content/dam/fom-website/drivers/V/VALBOT01_Valtteri_Bottas/valbot01.png.transform/1col/image.png,FIN,Race,2023,77_9157
1218,9157,81,O PIASTRI,Oscar PIASTRI,PIA,McLaren,F58020,Oscar,Piastri,https://www.formula1.com/content/dam/fom-website/drivers/O/OSCPIA01_Oscar_Piastri/oscpia01.png.transform/1col/image.png,AUS,Race,2023,81_9157
1244,9586,1,M VERSTAPPEN,Max VERSTAPPEN,VER,Red Bull Racing,3671C6,Max,Verstappen,https://media.formula1.com/d_driver_fallback_image.png/content/dam/fom-website/drivers/M/MAXVER01_Max_Verstappen/maxver01.png.transform/1col/image.png,NED,Qualifying,2024,1_9586
1244,9586,3,D RICCIARDO,Daniel RICCIARDO,RIC,RB,6692FF,Daniel,Ricciardo,https://media.formula1.com/d_driver_fallback_image.png/content/dam/fom-website/drivers/D/DANRIC01_Daniel_Ricciardo/danric01.png.transform/1col/image.png,AUS,Qualifying,2024,3_9586
1244,9586,4,L NORRIS,Lando NORRIS,NOR,McLaren,FF8000,Lando,Norris,https://media.formula1.com/d_driver_fallback_image.png/content/dam/fom-website/drivers/L/LANNOR01_Lando_Norris/lannor01.png.transform/1col/image.png,GBR,Qualifying,2024,4_9586
1244,9586,10,P GASLY,Pierre GASLY,GAS,Alpine,0093cc,Pierre,Gasly,https://media.formula1.com/d_driver_fallback_image.png/content/dam/fom-website/drivers/P/PIEGAS01_Pierre_Gasly/piegas01.png.transform/1col/image.png,FRA,Qualifying,2024,10_9586
1244,9586,11,S PEREZ,Sergio PEREZ,PER,Red Bull Racing,3671C6,Sergio,Perez,https://media.formula1.com/d_driver_fallback_image.png/content/dam/fom-website/drivers/S/SERPER01_Sergio_Perez/serper01.png.transform/1col/image.png,MEX,Qualifying,2024,11_9586
1244,9586,14,F ALONSO,Fernando ALONSO,ALO,Aston Martin,229971,Fernando,Alonso,https://media.formula1.com/d_driver_fallback_image.png/content/dam/fom-website/drivers/F/FERALO01_Fernando_Alonso/feralo01.png.transform/1col/image.png,ESP,Qualifying,2024,14_9586
1244,9586,16,C LECLERC,Charles LECLERC,LEC,Ferrari,E80020,Charles,Leclerc,https://media.formula1.com/d_driver_fallback_image.png/content/dam/fom-website/drivers/C/CHALEC01_Charles_Leclerc/chalec01.png.transform/1col/image.png,MON,Qualifying,2024,16_9586
1244,9586,18,L STROLL,Lance STROLL,STR,Aston Martin,229971,Lance,Stroll,https://media.formula1.com/d_driver_fallback_image.png/content/dam/fom-website/drivers/L/LANSTR01_Lance_Stroll/lanstr01.png.transform/1col/image.png,CAN,Qualifying,2024,18_9586
1244,9586,20,K MAGNUSSEN,Kevin MAGNUSSEN,MAG,Haas F1 Team,B6BABD,Kevin,Magnussen,https://media.formula1.com/d_driver_fallback_image.png/content/dam/fom-website/drivers/K/KEVMAG01_Kevin_Magnussen/kevmag01.png.transform/1col/image.png,DEN,Qualifying,2024,20_9586
1244,9586,22,Y TSUNODA,Yuki TSUNODA,TSU,RB,6692FF,Yuki,Tsunoda,https://media.formula1.com/d_driver_fallback_image.png/content/dam/fom-website/drivers/Y/YUKTSU01_Yuki_Tsunoda/yuktsu01.png.transform/1col/image.png,JPN,Qualifying,2024,22_9586
1244,9586,23,A ALBON,Alexander ALBON,ALB,Williams,64C4FF,Alexander,Albon,https://media.formula1.com/d_driver_fallback_image.png/content/dam/fom-website/drivers/A/ALEALB01_Alexander_Albon/alealb01.png.transform/1col/image.png,THA,Qualifying,2024,23_9586
1244,9586,24,G ZHOU,ZHOU Guanyu,ZHO,Kick Sauber,52e252,Guanyu,Zhou,https://media.formula1.com/d_driver_fallback_image.png/content/dam/fom-website/drivers/G/GUAZHO01_Guanyu_Zhou/guazho01.png.transform/1col/image.png,CHN,Qualifying,2024,24_9586
1244,9586,27,N HULKENBERG,Nico HULKENBERG,HUL,Haas F1 Team,B6BABD,Nico,Hulkenberg,https://media.formula1.com/d_driver_fallback_image.png/content/dam/fom-website/drivers/N/NICHUL01_Nico_Hulkenberg/nichul01.png.transform/1col/image.png,GER,Qualifying,2024,27_9586
1244,9586,31,E OCON,Esteban OCON,OCO,Alpine,0093cc,Esteban,Ocon,https://media.formula1.com/d_driver_fallback_image.png/content/dam/fom-website/drivers/E/ESTOCO01_Esteban_Ocon/estoco01.png.transform/1col/image.png,FRA,Qualifying,2024,31_9586
1244,9586,43,F COLAPINTO,Franco COLAPINTO,COL,Williams,64C4FF,Franco,Colapinto,,ARG,Qualifying,2024,43_9586
1244,9586,44,L HAMILTON,Lewis HAMILTON,HAM,Mercedes,27F4D2,Lewis,Hamilton,https://media.formula1.com/d_driver_fallback_image.png/content/dam/fom-website/drivers/L/LEWHAM01_Lewis_Hamilton/lewham01.png.transform/1col/image.png,GBR,Qualifying,2024,44_9586
1244,9586,55,C SAINZ,Carlos SAINZ,SAI,Ferrari,E80020,Carlos,Sainz,https://media.formula1.com/d_driver_fallback_image.png/content/dam/fom-website/drivers/C/CARSAI01_Carlos_Sainz/carsai01.png.transform/1col/image.png,ESP,Qualifying,2024,55_9586
1244,9586,63,G RUSSELL,George RUSSELL,RUS,Mercedes,27F4D2,George,Russell,https://media.formula1.com/d_driver_fallback_image.png/content/dam/fom-website/drivers/G/GEORUS01_George_Russell/georus01.png.transform/1col/image.png,GBR,Qualifying,2024,63_9586
1244,9586,77,V BOTTAS,Valtteri BOTTAS,BOT,Kick Sauber,52e252,Valtteri,Bottas,https://media.formula1.com/d_driver_fallback_image.png/content/dam/fom-website/drivers/V/VALBOT01_Valtteri_Bottas/valbot01.png.transform/1col/image.png,FIN,Qualifying,2024,77_9586
1244,9586,81,O PIASTRI,Oscar PIASTRI,PIA,McLaren,FF8000,Oscar,Piastri,https://media.formula1.com/d_driver_fallback_image.png/content/dam/fom-website/drivers/O/OSCPIA01_Oscar_Piastri/oscpia01.png.transform/1col/image.png,AUS,Qualifying,2024,81_9586
1244,9590,1,M VERSTAPPEN,Max VERSTAPPEN,VER,Red Bull Racing,3671C6,Max,Verstappen,https://media.formula1.com/d_driver_fallback_image.png/content/dam/fom-website/drivers/M/MAXVER01_Max_Verstappen/maxver01.png.transform/1col/image.png,NED,Race,2024,1_9590
1244,9590,3,D RICCIARDO,Daniel RICCIARDO,RIC,RB,6692FF,Daniel,Ricciardo,https://media.formula1.com/d_driver_fallback_image.png/content/dam/fom-website/drivers/D/DANRIC01_Daniel_Ricciardo/danric01.png.transform/1col/image.png,AUS,Race,2024,3_9590
1244,9590,4,L NORRIS,Lando NORRIS,NOR,McLaren,FF8000,Lando,Norris,https://media.formula1.com/d_driver_fallback_image.png/content/dam/fom-website/drivers/L/LANNOR01_Lando_Norris/lannor01.png.transform/1col/image.png,GBR,Race,2024,4_9590
1244,9590,10,P GASLY,Pierre GASLY,GAS,Alpine,0093cc,Pierre,Gasly,https://media.formula1.com/d_driver_fallback_image.png/content/dam/fom-website/drivers/P/PIEGAS01_Pierre_Gasly/piegas01.png.transform/1col/image.png,FRA,Race,2024,10_9590
1244,9590,11,S PEREZ,Sergio PEREZ,PER,Red Bull Racing,3671C6,Sergio,Perez,https://media.formula1.com/d_driver_fallback_image.png/content/dam/fom-website/drivers/S/SERPER01_Sergio_Perez/serper01.png.transform/1col/image.png,MEX,Race,2024,11_9590
1244,9590,14,F ALONSO,Fernando ALONSO,ALO,Aston Martin,229971,Fernando,Alonso,https://media.formula1.com/d_driver_fallback_image.png/content/dam/fom-website/drivers/F/FERALO01_Fernando_Alonso/feralo01.png.transform/1col/image.png,ESP,Race,2024,14_9590
1244,9590,16,C LECLERC,Charles LECLERC,LEC,Ferrari,E80020,Charles,Leclerc,https://media.formula1.com/d_driver_fallback_image.png/content/dam/fom-website/drivers/C/CHALEC01_Charles_Leclerc/chalec01.png.transform/1col/image.png,MON,Race,2024,16_9590
1244,9590,18,L STROLL,Lance STROLL,STR,Aston Martin,229971,Lance,Stroll,https://media.formula1.com/d_driver_fallback_image.png/content/dam/fom-website/drivers/L/LANSTR01_Lance_Stroll/lanstr01.png.transform/1col/image.png,CAN,Race,2024,18_9590
1244,9590,20,K MAGNUSSEN,Kevin MAGNUSSEN,MAG,Haas F1 Team,B6BABD,Kevin,Magnussen,https://media.formula1.com/d_driver_fallback_image.png/content/dam/fom-website/drivers/K/KEVMAG01_Kevin_Magnussen/kevmag01.png.transform/1col/image.png,DEN,Race,2024,20_9590
1244,9590,22,Y TSUNODA,Yuki TSUNODA,TSU,RB,6692FF,Yuki,Tsunoda,https://media.formula1.com/d_driver_fallback_image.png/content/dam/fom-website/drivers/Y/YUKTSU01_Yuki_Tsunoda/yuktsu01.png.transform/1col/image.png,JPN,Race,2024,22_9590
1244,9590,23,A ALBON,Alexander ALBON,ALB,Williams,64C4FF,Alexander,Albon,https://media.formula1.com/d_driver_fallback_image.png/content/dam/fom-website/drivers/A/ALEALB01_Alexander_Albon/alealb01.png.transform/1col/image.png,THA,Race,2024,23_9590
1244,9590,24,G ZHOU,ZHOU Guanyu,ZHO,Kick Sauber,52e252,Guanyu,Zhou,https://media.formula1.com/d_driver_fallback_image.png/content/dam/fom-website/drivers/G/GUAZHO01_Guanyu_Zhou/guazho01.png.transform/1col/image.png,CHN,Race,2024,24_9590
1244,9590,27,N HULKENBERG,Nico HULKENBERG,HUL,Haas F1 Team,B6BABD,Nico,Hulkenberg,https://media.formula1.com/d_driver_fallback_image.png/content/dam/fom-website/drivers/N/NICHUL01_Nico_Hulkenberg/nichul01.png.transform/1col/image.png,GER,Race,2024,27_9590
1244,9590,31,E OCON,Esteban OCON,OCO,Alpine,0093cc,Esteban,Ocon,https://media.formula1.com/d_driver_fallback_image.png/content/dam/fom-website/drivers/E/ESTOCO01_Esteban_Ocon/estoco01.png.transform/1col/image.png,FRA,Race,2024,31_9590
1244,9590,43,F COLAPINTO,Franco COLAPINTO,COL,Williams,64C4FF,Franco,Colapinto,,ARG,Race,2024,43_9590
1244,9590,44,L HAMILTON,Lewis HAMILTON,HAM,Mercedes,27F4D2,Lewis,Hamilton,https://media.formula1.com/d_driver_fallback_image.png/content/dam/fom-website/drivers/L/LEWHAM01_Lewis_Hamilton/lewham01.png.transform/1col/image.png,GBR,Race,2024,44_9590
1244,9590,55,C SAINZ,Carlos SAINZ,SAI,Ferrari,E80020,Carlos,Sainz,https://media.formula1.com/d_driver_fallback_image.png/content/dam/fom-website/drivers/C/CARSAI01_Carlos_Sainz/carsai01.png.transform/1col/image.png,ESP,Race,2024,55_9590
1244,9590,63,G RUSSELL,George RUSSELL,RUS,Mercedes,27F4D2,George,Russell,https://media.formula1.com/d_driver_fallback_image.png/content/dam/fom-website/drivers/G/GEORUS01_George_Russell/georus01.png.transform/1col/image.png,GBR,Race,2024,63_9590
1244,9590,77,V BOTTAS,Valtteri BOTTAS,BOT,Kick Sauber,52e252,Valtteri,Bottas,https://media.formula1.com/d_driver_fallback_image.png/content/dam/fom-website/drivers/V/VALBOT01_Valtteri_Bottas/valbot01.png.transform/1col/image.png,FIN,Race,2024,77_9590
1244,9590,81,O PIASTRI,Oscar PIASTRI,PIA,McLaren,FF8000,Oscar,Piastri,https://media.formula1.com/d_driver_fallback_image.png/content/dam/fom-website/drivers/O/OSCPIA01_Oscar_Piastri/oscpia01.png.transform/1col/image.png,AUS,Race,2024,81_9590
1268,9908,1,M VERSTAPPEN,Max VERSTAPPEN,VER,Red Bull Racing,4781D7,Max,Verstappen,https://media.formula1.com/d_driver_fallback_image.png/content/dam/fom-website/drivers/M/MAXVER01_Max_Verstappen/maxver01.png.transform/1col/image.png,,Qualifying,2025,1_9908
1268,9908,4,L NORRIS,Lando NORRIS,NOR,McLaren,F47600,Lando,Norris,https://media.formula1.com/d_driver_fallback_image.png/content/dam/fom-website/drivers/L/LANNOR01_Lando_Norris/lannor01.png.transform/1col/image.png,,Qualifying,2025,4_9908
1268,9908,5,G BORTOLETO,Gabriel BORTOLETO,BOR,Kick Sauber,01C00E,Gabriel,Bortoleto,https://media.formula1.com/d_driver_fallback_image.png/content/dam/fom-website/drivers/G/GABBOR01_Gabriel_Bortoleto/gabbor01.png.transform/1col/image.png,,Qualifying,2025,5_9908
1268,9908,6,I HADJAR,Isack HADJAR,HAD,Racing Bulls,6C98FF,Isack,Hadjar,https://media.formula1.com/d_driver_fallback_image.png/content/dam/fom-website/drivers/I/ISAHAD01_Isack_Hadjar/isahad01.png.transform/1col/image.png,,Qualifying,2025,6_9908
1268,9908,10,P GASLY,Pierre GASLY,GAS,Alpine,00A1E8,Pierre,Gasly,https://media.formula1.com/d_driver_fallback_image.png/content/dam/fom-website/drivers/P/PIEGAS01_Pierre_Gasly/piegas01.png.transform/1col/image.png,,Qualifying,2025,10_9908
1268,9908,12,K ANTONELLI,Kimi ANTONELLI,ANT,Mercedes,00D7B6,Kimi,Antonelli,https://media.formula1.com/d_driver_fallback_image.png/content/dam/fom-website/drivers/A/ANDANT01_Andrea%20Kimi_Antonelli/andant01.png.transform/1col/image.png,,Qualifying,2025,12_9908
1268,9908,14,F ALONSO,Fernando ALONSO,ALO,Aston Martin,229971,Fernando,Alonso,https://media.formula1.com/d_driver_fallback_image.png/content/dam/fom-website/drivers/F/FERALO01_Fernando_Alonso/feralo01.png.transform/1col/image.png,,Qualifying,2025,14_9908
1268,9908,16,C LECLERC,Charles LECLERC,LEC,Ferrari,ED1131,Charles,Leclerc,https://media.formula1.com/d_driver_fallback_image.png/content/dam/fom-website/drivers/C/CHALEC01_Charles_Leclerc/chalec01.png.transform/1col/image.png,,Qualifying,2025,16_9908
1268,9908,18,L STROLL,Lance STROLL,STR,Aston Martin,229971,Lance,Stroll,https://media.formula1.com/d_driver_fallback_image.png/content/dam/fom-website/drivers/L/LANSTR01_Lance_Stroll/lanstr01.png.transform/1col/image.png,,Qualifying,2025,18_9908
1268,9908,22,Y TSUNODA,Yuki TSUNODA,TSU,Red Bull Racing,4781D7,Yuki,Tsunoda,https://media.formula1.com/d_driver_fallback_image.png/content/dam/fom-website/drivers/Y/YUKTSU01_Yuki_Tsunoda/yuktsu01.png.transform/1col/image.png,,Qualifying,2025,22_9908
1268,9908,23,A ALBON,Alexander ALBON,ALB,Williams,1868DB,Alexander,Albon,https://media.formula1.com/d_driver_fallback_image.png/content/dam/fom-website/drivers/A/ALEALB01_Alexander_Albon/alealb01.png.transform/1col/image.png,,Qualifying,2025,23_9908
1268,9908,27,N HULKENBERG,Nico HULKENBERG,HUL,Kick Sauber,01C00E,Nico,Hulkenberg,https://media.formula1.com/d_driver_fallback_image.png/content/dam/fom-website/drivers/N/NICHUL01_Nico_Hulkenberg/nichul01.png.transform/1col/image.png,,Qualifying,2025,27_9908
1268,9908,30,L LAWSON,Liam LAWSON,LAW,Racing Bulls,6C98FF,Liam,Lawson,https://media.formula1.com/d_driver_fallback_image.png/content/dam/fom-website/drivers/L/LIALAW01_Liam_Lawson/lialaw01.png.transform/1col/image.png,,Qualifying,2025,30_9908
1268,9908,31,E OCON,Esteban OCON,OCO,Haas F1 Team,9C9FA2,Esteban,Ocon,https://media.formula1.com/d_driver_fallback_image.png/content/dam/fom-website/drivers/E/ESTOCO01_Esteban_Ocon/estoco01.png.transform/1col/image.png,,Qualifying,2025,31_9908
1268,9908,43,F COLAPINTO,Franco COLAPINTO,COL,Alpine,00A1E8,Franco,Colapinto,,,Qualifying,2025,43_9908
1268,9908,44,L HAMILTON,Lewis HAMILTON,HAM,Ferrari,ED1131,Lewis,Hamilton,https://media.formula1.com/d_driver_fallback_image.png/content/dam/fom-website/drivers/L/LEWHAM01_Lewis_Hamilton/lewham01.png.transform/1col/image.png,,Qualifying,2025,44_9908
1268,9908,55,C SAINZ,Carlos SAINZ,SAI,Williams,1868DB,Carlos,Sainz,https://media.formula1.com/d_driver_fallback_image.png/content/dam/fom-website/drivers/C/CARSAI01_Carlos_Sainz/carsai01.png.transform/1col/image.png,,Qualifying,2025,55_9908
1268,9908,63,G RUSSELL,George RUSSELL,RUS,Mercedes,00D7B6,George,Russell,https://media.formula1.com/d_driver_fallback_image.png/content/dam/fom-website/drivers/G/GEORUS01_George_Russell/georus01.png.transform/1col/image.png,,Qualifying,2025,63_9908
1268,9908,81,O PIASTRI,Oscar PIASTRI,PIA,McLaren,F47600,Oscar,Piastri,https://media.formula1.com/d_driver_fallback_image.png/content/dam/fom-website/drivers/O/OSCPIA01_Oscar_Piastri/oscpia01.png.transform/1col/image.png,,Qualifying,2025,81_9908
1268,9908,87,O BEARMAN,Oliver BEARMAN,BEA,Haas F1 Team,9C9FA2,Oliver,Bearman,https://media.formula1.com/d_driver_fallback_image.png/content/dam/fom-website/drivers/O/OLIBEA01_Oliver_Bearman/olibea01.png.transform/1col/image.png,,Qualifying,2025,87_9908
1268,9912,1,M VERSTAPPEN,Max VERSTAPPEN,VER,Red Bull Racing,4781D7,Max,Verstappen,https://media.formula1.com/d_driver_fallback_image.png/content/dam/fom-website/drivers/M/MAXVER01_Max_Verstappen/maxver01.png.transform/1col/image.png,,Race,2025,1_9912
1268,9912,4,L NORRIS,Lando NORRIS,NOR,McLaren,F47600,Lando,Norris,https://media.formula1.com/d_driver_fallback_image.png/content/dam/fom-website/drivers/L/LANNOR01_Lando_Norris/lannor01.png.transform/1col/image.png,,Race,2025,4_9912
1268,9912,5,G BORTOLETO,Gabriel BORTOLETO,BOR,Kick Sauber,01C00E,Gabriel,Bortoleto,https://media.formula1.com/d_driver_fallback_image.png/content/dam/fom-website/drivers/G/GABBOR01_Gabriel_Bortoleto/gabbor01.png.transform/1col/image.png,,Race,2025,5_9912
1268,9912,6,I HADJAR,Isack HADJAR,HAD,Racing Bulls,6C98FF,Isack,Hadjar,https://media.formula1.com/d_driver_fallback_image.png/content/dam/fom-website/drivers/I/ISAHAD01_Isack_Hadjar/isahad01.png.transform/1col/image.png,,Race,2025,6_9912
1268,9912,10,P GASLY,Pierre GASLY,GAS,Alpine,00A1E8,Pierre,Gasly,https://media.formula1.com/d_driver_fallback_image.png/content/dam/fom-website/drivers/P/PIEGAS01_Pierre_Gasly/piegas01.png.transform/1col/image.png,,Race,2025,10_9912
1268,9912,12,K ANTONELLI,Kimi ANTONELLI,ANT,Mercedes,00D7B6,Kimi,Antonelli,https://media.formula1.com/d_driver_fallback_image.png/content/dam/fom-website/drivers/A/ANDANT01_Andrea%20Kimi_Antonelli/andant01.png.transform/1col/image.png,,Race,2025,12_9912
1268,9912,14,F ALONSO,Fernando ALONSO,ALO,Aston Martin,229971,Fernando,Alonso,https://media.formula1.com/d_driver_fallback_image.png/content/dam/fom-website/drivers/F/FERALO01_Fernando_Alonso/feralo01.png.transform/1col/image.png,,Race,2025,14_9912
1268,9912,16,C LECLERC,Charles LECLERC,LEC,Ferrari,ED1131,Charles,Leclerc,https://media.formula1.com/d_driver_fallback_image.png/content/dam/fom-website/drivers/C/CHALEC01_Charles_Leclerc/chalec01.png.transform/1col/image.png,,Race,2025,16_9912
1268,9912,18,L STROLL,Lance STROLL,STR,Aston Martin,229971,Lance,Stroll,https://media.formula1.com/d_driver_fallback_image.png/content/dam/fom-website/drivers/L/LANSTR01_Lance_Stroll/lanstr01.png.transform/1col/image.png,,Race,2025,18_9912
1268,9912,22,Y TSUNODA,Yuki TSUNODA,TSU,Red Bull Racing,4781D7,Yuki,Tsunoda,https://media.formula1.com/d_driver_fallback_image.png/content/dam/fom-website/drivers/Y/YUKTSU01_Yuki_Tsunoda/yuktsu01.png.transform/1col/image.png,,Race,2025,22_9912
1268,9912,23,A ALBON,Alexander ALBON,ALB,Williams,1868DB,Alexander,Albon,https://media.formula1.com/d_driver_fallback_image.png/content/dam/fom-website/drivers/A/ALEALB01_Alexander_Albon/alealb01.png.transform/1col/image.png,,Race,2025,23_9912
1268,9912,27,N HULKENBERG,Nico HULKENBERG,HUL,Kick Sauber,01C00E,Nico,Hulkenberg,https://media.formula1.com/d_driver_fallback_image.png/content/dam/fom-website/drivers/N/NICHUL01_Nico_Hulkenberg/nichul01.png.transform/1col/image.png,,Race,2025,27_9912
1268,9912,30,L LAWSON,Liam LAWSON,LAW,Racing Bulls,6C98FF,Liam,Lawson,https://media.formula1.com/d_driver_fallback_image.png/content/dam/fom-website/drivers/L/LIALAW01_Liam_Lawson/lialaw01.png.transform/1col/image.png,,Race,2025,30_9912
1268,9912,31,E OCON,Esteban OCON,OCO,Haas F1 Team,9C9FA2,Esteban,Ocon,https://media.formula1.com/d_driver_fallback_image.png/content/dam/fom-website/drivers/E/ESTOCO01_Esteban_Ocon/estoco01.png.transform/1col/image.png,,Race,2025,31_9912
1268,9912,43,F COLAPINTO,Franco COLAPINTO,COL,Alpine,00A1E8,Franco,Colapinto,,,Race,2025,43_9912
1268,9912,44,L HAMILTON,Lewis HAMILTON,HAM,Ferrari,ED1131,Lewis,Hamilton,https://media.formula1.com/d_driver_fallback_image.png/content/dam/fom-website/drivers/L/LEWHAM01_Lewis_Hamilton/lewham01.png.transform/1col/image.png,,Race,2025,44_9912
1268,9912,55,C SAINZ,Carlos SAINZ,SAI,Williams,1868DB,Carlos,Sainz,https://media.formula1.com/d_driver_fallback_image.png/content/dam/fom-website/drivers/C/CARSAI01_Carlos_Sainz/carsai01.png.transform/1col/image.png,,Race,2025,55_9912
1268,9912,63,G RUSSELL,George RUSSELL,RUS,Mercedes,00D7B6,George,Russell,https://media.formula1.com/d_driver_fallback_image.png/content/dam/fom-website/drivers/G/GEORUS01_George_Russell/georus01.png.transform/1col/image.png,,Race,2025,63_9912
1268,9912,81,O PIASTRI,Oscar PIASTRI,PIA,McLaren,F47600,Oscar,Piastri,https://media.formula1.com/d_driver_fallback_image.png/content/dam/fom-website/drivers/O/OSCPIA01_Oscar_Piastri/oscpia01.png.transform/1col/image.png,,Race,2025,81_9912
1268,9912,87,O BEARMAN,Oliver BEARMAN,BEA,Haas F1 Team,9C9FA2,Oliver,Bearman,https://media.formula1.com/d_driver_fallback_image.png/content/dam/fom-website/drivers/O/OLIBEA01_Oliver_Bearman/olibea01.png.transform/1col/image.png,,Race,2025,87_9912
