session_key,session_type,session_name,date_start,date_end,meeting_key,circuit_key,circuit_short_name,country_key,country_code,country_name,location,gmt_offset,year,is_cancelled,session_order
9222,Practice,Day 1,2023-02-23T07:00:00+00:00,2023-02-23T16:30:00+00:00,1140,63,Sakhir,36,BRN,Bahrain,Sakhir,03:00:00,2023,False,99.0
7763,Practice,Day 2,2023-02-24T07:00:00+00:00,2023-02-24T16:30:00+00:00,1140,63,Sakhir,36,BRN,Bahrain,Sakhir,03:00:00,2023,False,99.0
7764,Practice,Day 3,2023-02-25T07:00:00+00:00,2023-02-25T16:30:00+00:00,1140,63,Sakhir,36,BRN,Bahrain,Sakhir,03:00:00,2023,False,99.0
7765,Practice,Practice 1,2023-03-03T11:30:00+00:00,2023-03-03T12:30:00+00:00,1141,63,Sakhir,36,BRN,Bahrain,Sakhir,03:00:00,2023,False,1.0
7766,Practice,Practice 2,2023-03-03T15:00:00+00:00,2023-03-03T16:00:00+00:00,1141,63,Sakhir,36,BRN,Bahrain,Sakhir,03:00:00,2023,False,2.0
7767,Practice,Practice 3,2023-03-04T11:30:00+00:00,2023-03-04T12:30:00+00:00,1141,63,Sakhir,36,BRN,Bahrain,Sakhir,03:00:00,2023,False,3.0
7768,Qualifying,Qualifying,2023-03-04T15:00:00+00:00,2023-03-04T16:00:00+00:00,1141,63,Sakhir,36,BRN,Bahrain,Sakhir,03:00:00,2023,False,7.0
7953,Race,Race,2023-03-05T15:00:00+00:00,2023-03-05T17:00:00+00:00,1141,63,Sakhir,36,BRN,Bahrain,Sakhir,03:00:00,2023,False,8.0
7772,Practice,Practice 1,2023-03-17T13:30:00+00:00,2023-03-17T14:30:00+00:00,1142,149,Jeddah,153,KSA,Saudi Arabia,Jeddah,03:00:00,2023,False,1.0
7773,Practice,Practice 2,2023-03-17T17:00:00+00:00,2023-03-17T18:00:00+00:00,1142,149,Jeddah,153,KSA,Saudi Arabia,Jeddah,03:00:00,2023,False,2.0
7774,Practice,Practice 3,2023-03-18T13:30:00+00:00,2023-03-18T14:30:00+00:00,1142,149,Jeddah,153,KSA,Saudi Arabia,Jeddah,03:00:00,2023,False,3.0
7775,Qualifying,Qualifying,2023-03-18T17:00:00+00:00,2023-03-18T18:00:00+00:00,1142,149,Jeddah,153,KSA,Saudi Arabia,Jeddah,03:00:00,2023,False,7.0
7779,Race,Race,2023-03-19T17:00:00+00:00,2023-03-19T19:00:00+00:00,1142,149,Jeddah,153,KSA,Saudi Arabia,Jeddah,03:00:00,2023,False,8.0
7780,Practice,Practice 1,2023-03-31T02:30:00+00:00,2023-03-31T03:30:00+00:00,1143,10,Melbourne,5,AUS,Australia,Melbourne,10:00:00,2023,False,1.0
7781,Practice,Practice 2,2023-03-31T06:00:00+00:00,2023-03-31T07:00:00+00:00,1143,10,Melbourne,5,AUS,Australia,Melbourne,10:00:00,2023,False,2.0
7782,Practice,Practice 3,2023-04-01T02:30:00+00:00,2023-04-01T03:30:00+00:00,1143,10,Melbourne,5,AUS,Australia,Melbourne,10:00:00,2023,False,3.0
7783,Qualifying,Qualifying,2023-04-01T06:00:00+00:00,2023-04-01T07:00:00+00:00,1143,10,Melbourne,5,AUS,Australia,Melbourne,10:00:00,2023,False,7.0
7787,Race,Race,2023-04-02T05:00:00+00:00,2023-04-02T07:00:00+00:00,1143,10,Melbourne,5,AUS,Australia,Melbourne,10:00:00,2023,False,8.0
9063,Practice,Practice 1,2023-04-28T09:30:00+00:00,2023-04-28T10:30:00+00:00,1207,144,Baku,30,AZE,Azerbaijan,Baku,04:00:00,2023,False,1.0
9064,Qualifying,Qualifying,2023-04-28T13:00:00+00:00,2023-04-28T14:00:00+00:00,1207,144,Baku,30,AZE,Azerbaijan,Baku,04:00:00,2023,False,7.0
9278,Qualifying,Sprint Qualifying,2023-04-29T08:30:00+00:00,2023-04-29T09:14:00+00:00,1207,144,Baku,30,AZE,Azerbaijan,Baku,04:00:00,2023,False,5.0
9069,Race,Sprint,2023-04-29T13:30:00+00:00,2023-04-29T14:00:00+00:00,1207,144,Baku,30,AZE,Azerbaijan,Baku,04:00:00,2023,False,6.0
9070,Race,Race,2023-04-30T11:00:00+00:00,2023-04-30T13:00:00+00:00,1207,144,Baku,30,AZE,Azerbaijan,Baku,04:00:00,2023,False,8.0
9071,Practice,Practice 1,2023-05-05T18:00:00+00:00,2023-05-05T19:00:00+00:00,1208,151,Miami,19,USA,United States,Miami,-04:00:00,2023,False,1.0
9072,Practice,Practice 2,2023-05-05T21:30:00+00:00,2023-05-05T22:30:00+00:00,1208,151,Miami,19,USA,United States,Miami,-04:00:00,2023,False,2.0
9073,Practice,Practice 3,2023-05-06T16:30:00+00:00,2023-05-06T17:30:00+00:00,1208,151,Miami,19,USA,United States,Miami,-04:00:00,2023,False,3.0
9074,Qualifying,Qualifying,2023-05-06T20:00:00+00:00,2023-05-06T21:00:00+00:00,1208,151,Miami,19,USA,United States,Miami,-04:00:00,2023,False,7.0
9078,Race,Race,2023-05-07T19:30:00+00:00,2023-05-07T21:30:00+00:00,1208,151,Miami,19,USA,United States,Miami,-04:00:00,2023,False,8.0
9079,Practice,Practice 1,2023-05-19T11:30:00+00:00,2023-05-19T12:30:00+00:00,1209,6,Imola,13,ITA,Italy,Imola,02:00:00,2023,True,1.0
9080,Practice,Practice 2,2023-05-19T15:00:00+00:00,2023-05-19T16:00:00+00:00,1209,6,Imola,13,ITA,Italy,Imola,02:00:00,2023,True,2.0
9081,Practice,Practice 3,2023-05-20T10:30:00+00:00,2023-05-20T11:30:00+00:00,1209,6,Imola,13,ITA,Italy,Imola,02:00:00,2023,True,3.0
9082,Qualifying,Qualifying,2023-05-20T14:00:00+00:00,2023-05-20T15:00:00+00:00,1209,6,Imola,13,ITA,Italy,Imola,02:00:00,2023,True,7.0
9086,Race,Race,2023-05-21T13:00:00+00:00,2023-05-21T15:00:00+00:00,1209,6,Imola,13,ITA,Italy,Imola,02:00:00,2023,True,8.0
9087,Practice,Practice 1,2023-05-26T11:30:00+00:00,2023-05-26T12:30:00+00:00,1210,22,Monte Carlo,114,MON,Monaco,Monaco,02:00:00,2023,False,1.0
9088,Practice,Practice 2,2023-05-26T15:00:00+00:00,2023-05-26T16:00:00+00:00,1210,22,Monte Carlo,114,MON,Monaco,Monaco,02:00:00,2023,False,2.0
9089,Practice,Practice 3,2023-05-27T10:30:00+00:00,2023-05-27T11:30:00+00:00,1210,22,Monte Carlo,114,MON,Monaco,Monaco,02:00:00,2023,False,3.0
9090,Qualifying,Qualifying,2023-05-27T14:00:00+00:00,2023-05-27T15:00:00+00:00,1210,22,Monte Carlo,114,MON,Monaco,Monaco,02:00:00,2023,False,7.0
9094,Race,Race,2023-05-28T13:00:00+00:00,2023-05-28T15:00:00+00:00,1210,22,Monte Carlo,114,MON,Monaco,Monaco,02:00:00,2023,False,8.0
9095,Practice,Practice 1,2023-06-02T11:30:00+00:00,2023-06-02T12:30:00+00:00,1211,15,Catalunya,1,ESP,Spain,Barcelona,02:00:00,2023,False,1.0
9096,Practice,Practice 2,2023-06-02T15:00:00+00:00,2023-06-02T16:00:00+00:00,1211,15,Catalunya,1,ESP,Spain,Barcelona,02:00:00,2023,False,2.0
9097,Practice,Practice 3,2023-06-03T10:30:00+00:00,2023-06-03T11:30:00+00:00,1211,15,Catalunya,1,ESP,Spain,Barcelona,02:00:00,2023,False,3.0
9098,Qualifying,Qualifying,2023-06-03T14:00:00+00:00,2023-06-03T15:00:00+00:00,1211,15,Catalunya,1,ESP,Spain,Barcelona,02:00:00,2023,False,7.0
9102,Race,Race,2023-06-04T13:00:00+00:00,2023-06-04T15:00:00+00:00,1211,15,Catalunya,1,ESP,Spain,Barcelona,02:00:00,2023,False,8.0
9103,Practice,Practice 1,2023-06-16T17:30:00+00:00,2023-06-16T18:30:00+00:00,1212,23,Montreal,46,CAN,Canada,Montréal,-04:00:00,2023,False,1.0
9104,Practice,Practice 2,2023-06-16T20:30:00+00:00,2023-06-16T22:00:00+00:00,1212,23,Montreal,46,CAN,Canada,Montréal,-04:00:00,2023,False,2.0
9105,Practice,Practice 3,2023-06-17T16:30:00+00:00,2023-06-17T17:30:00+00:00,1212,23,Montreal,46,CAN,Canada,Montréal,-04:00:00,2023,False,3.0
9106,Qualifying,Qualifying,2023-06-17T20:00:00+00:00,2023-06-17T21:00:00+00:00,1212,23,Montreal,46,CAN,Canada,Montréal,-04:00:00,2023,False,7.0
9110,Race,Race,2023-06-18T18:00:00+00:00,2023-06-18T20:00:00+00:00,1212,23,Montreal,46,CAN,Canada,Montréal,-04:00:00,2023,False,8.0
9111,Practice,Practice 1,2023-06-30T11:30:00+00:00,2023-06-30T12:30:00+00:00,1213,19,Spielberg,17,AUT,Austria,Spielberg,02:00:00,2023,False,1.0
9112,Qualifying,Qualifying,2023-06-30T15:00:00+00:00,2023-06-30T16:00:00+00:00,1213,19,Spielberg,17,AUT,Austria,Spielberg,02:00:00,2023,False,7.0
9282,Qualifying,Sprint Qualifying,2023-07-01T10:00:00+00:00,2023-07-01T10:44:00+00:00,1213,19,Spielberg,17,AUT,Austria,Spielberg,02:00:00,2023,False,5.0
9117,Race,Sprint,2023-07-01T14:30:00+00:00,2023-07-01T15:00:00+00:00,1213,19,Spielberg,17,AUT,Austria,Spielberg,02:00:00,2023,False,6.0
9118,Race,Race,2023-07-02T13:00:00+00:00,2023-07-02T15:00:00+00:00,1213,19,Spielberg,17,AUT,Austria,Spielberg,02:00:00,2023,False,8.0
9119,Practice,Practice 1,2023-07-07T11:30:00+00:00,2023-07-07T12:30:00+00:00,1214,2,Silverstone,2,GBR,United Kingdom,Silverstone,01:00:00,2023,False,1.0
9120,Practice,Practice 2,2023-07-07T15:00:00+00:00,2023-07-07T16:00:00+00:00,1214,2,Silverstone,2,GBR,United Kingdom,Silverstone,01:00:00,2023,False,2.0
9121,Practice,Practice 3,2023-07-08T10:30:00+00:00,2023-07-08T11:30:00+00:00,1214,2,Silverstone,2,GBR,United Kingdom,Silverstone,01:00:00,2023,False,3.0
9122,Qualifying,Qualifying,2023-07-08T14:00:00+00:00,2023-07-08T15:00:00+00:00,1214,2,Silverstone,2,GBR,United Kingdom,Silverstone,01:00:00,2023,False,7.0
9126,Race,Race,2023-07-09T14:00:00+00:00,2023-07-09T16:00:00+00:00,1214,2,Silverstone,2,GBR,United Kingdom,Silverstone,01:00:00,2023,False,8.0
9223,Practice,Practice 1,2023-07-21T11:30:00+00:00,2023-07-21T12:30:00+00:00,1215,4,Hungaroring,14,HUN,Hungary,Budapest,02:00:00,2023,False,1.0
9127,Practice,Practice 2,2023-07-21T15:00:00+00:00,2023-07-21T16:00:00+00:00,1215,4,Hungaroring,14,HUN,Hungary,Budapest,02:00:00,2023,False,2.0
9128,Practice,Practice 3,2023-07-22T10:30:00+00:00,2023-07-22T11:30:00+00:00,1215,4,Hungaroring,14,HUN,Hungary,Budapest,02:00:00,2023,False,3.0
9129,Qualifying,Qualifying,2023-07-22T14:00:00+00:00,2023-07-22T15:00:00+00:00,1215,4,Hungaroring,14,HUN,Hungary,Budapest,02:00:00,2023,False,7.0
9133,Race,Race,2023-07-23T13:00:00+00:00,2023-07-23T15:00:00+00:00,1215,4,Hungaroring,14,HUN,Hungary,Budapest,02:00:00,2023,False,8.0
9134,Practice,Practice 1,2023-07-28T11:30:00+00:00,2023-07-28T12:30:00+00:00,1216,7,Spa-Francorchamps,16,BEL,Belgium,Spa-Francorchamps,02:00:00,2023,False,1.0
9135,Qualifying,Qualifying,2023-07-28T15:00:00+00:00,2023-07-28T16:00:00+00:00,1216,7,Spa-Francorchamps,16,BEL,Belgium,Spa-Francorchamps,02:00:00,2023,False,7.0
9286,Qualifying,Sprint Qualifying,2023-07-29T10:00:00+00:00,2023-07-29T10:44:00+00:00,1216,7,Spa-Francorchamps,16,BEL,Belgium,Spa-Francorchamps,02:00:00,2023,False,5.0
9140,Race,Sprint,2023-07-29T15:05:00+00:00,2023-07-29T15:35:00+00:00,1216,7,Spa-Francorchamps,16,BEL,Belgium,Spa-Francorchamps,02:00:00,2023,False,6.0
9141,Race,Race,2023-07-30T13:00:00+00:00,2023-07-30T15:00:00+00:00,1216,7,Spa-Francorchamps,16,BEL,Belgium,Spa-Francorchamps,02:00:00,2023,False,8.0
9142,Practice,Practice 1,2023-08-25T10:30:00+00:00,2023-08-25T11:30:00+00:00,1217,55,Zandvoort,133,NED,Netherlands,Zandvoort,02:00:00,2023,False,1.0
9143,Practice,Practice 2,2023-08-25T14:00:00+00:00,2023-08-25T15:00:00+00:00,1217,55,Zandvoort,133,NED,Netherlands,Zandvoort,02:00:00,2023,False,2.0
9144,Practice,Practice 3,2023-08-26T09:30:00+00:00,2023-08-26T10:30:00+00:00,1217,55,Zandvoort,133,NED,Netherlands,Zandvoort,02:00:00,2023,False,3.0
9145,Qualifying,Qualifying,2023-08-26T13:00:00+00:00,2023-08-26T14:00:00+00:00,1217,55,Zandvoort,133,NED,Netherlands,Zandvoort,02:00:00,2023,False,7.0
9149,Race,Race,2023-08-27T13:00:00+00:00,2023-08-27T15:00:00+00:00,1217,55,Zandvoort,133,NED,Netherlands,Zandvoort,02:00:00,2023,False,8.0
9150,Practice,Practice 1,2023-09-01T11:30:00+00:00,2023-09-01T12:30:00+00:00,1218,39,Monza,13,ITA,Italy,Monza,02:00:00,2023,False,1.0
9151,Practice,Practice 2,2023-09-01T15:00:00+00:00,2023-09-01T16:00:00+00:00,1218,39,Monza,13,ITA,Italy,Monza,02:00:00,2023,False,2.0
9152,Practice,Practice 3,2023-09-02T10:30:00+00:00,2023-09-02T11:30:00+00:00,1218,39,Monza,13,ITA,Italy,Monza,02:00:00,2023,False,3.0
9153,Qualifying,Qualifying,2023-09-02T14:00:00+00:00,2023-09-02T15:00:00+00:00,1218,39,Monza,13,ITA,Italy,Monza,02:00:00,2023,False,7.0
9157,Race,Race,2023-09-03T13:00:00+00:00,2023-09-03T15:00:00+00:00,1218,39,Monza,13,ITA,Italy,Monza,02:00:00,2023,False,8.0
9158,Practice,Practice 1,2023-09-15T09:30:00+00:00,2023-09-15T10:30:00+00:00,1219,61,Singapore,157,SGP,Singapore,Marina Bay,08:00:00,2023,False,1.0
9159,Practice,Practice 2,2023-09-15T13:00:00+00:00,2023-09-15T14:00:00+00:00,1219,61,Singapore,157,SGP,Singapore,Marina Bay,08:00:00,2023,False,2.0
9160,Practice,Practice 3,2023-09-16T09:30:00+00:00,2023-09-16T10:30:00+00:00,1219,61,Singapore,157,SGP,Singapore,Marina Bay,08:00:00,2023,False,3.0
9161,Qualifying,Qualifying,2023-09-16T13:00:00+00:00,2023-09-16T14:00:00+00:00,1219,61,Singapore,157,SGP,Singapore,Marina Bay,08:00:00,2023,False,7.0
9165,Race,Race,2023-09-17T12:00:00+00:00,2023-09-17T14:00:00+00:00,1219,61,Singapore,157,SGP,Singapore,Marina Bay,08:00:00,2023,False,8.0
9166,Practice,Practice 1,2023-09-22T02:30:00+00:00,2023-09-22T03:30:00+00:00,1220,46,Suzuka,4,JPN,Japan,Suzuka,09:00:00,2023,False,1.0
9167,Practice,Practice 2,2023-09-22T06:00:00+00:00,2023-09-22T07:00:00+00:00,1220,46,Suzuka,4,JPN,Japan,Suzuka,09:00:00,2023,False,2.0
9168,Practice,Practice 3,2023-09-23T02:30:00+00:00,2023-09-23T03:30:00+00:00,1220,46,Suzuka,4,JPN,Japan,Suzuka,09:00:00,2023,False,3.0
9169,Qualifying,Qualifying,2023-09-23T06:00:00+00:00,2023-09-23T07:00:00+00:00,1220,46,Suzuka,4,JPN,Japan,Suzuka,09:00:00,2023,False,7.0
9173,Race,Race,2023-09-24T05:00:00+00:00,2023-09-24T07:00:00+00:00,1220,46,Suzuka,4,JPN,Japan,Suzuka,09:00:00,2023,False,8.0
9214,Practice,Practice 1,2023-10-06T13:30:00+00:00,2023-10-06T14:30:00+00:00,1221,150,Lusail,149,QAT,Qatar,Lusail,03:00:00,2023,False,1.0
9215,Qualifying,Qualifying,2023-10-06T17:00:00+00:00,2023-10-06T18:00:00+00:00,1221,150,Lusail,149,QAT,Qatar,Lusail,03:00:00,2023,False,7.0
9298,Qualifying,Sprint Qualifying,2023-10-07T13:00:00+00:00,2023-10-07T13:44:00+00:00,1221,150,Lusail,149,QAT,Qatar,Lusail,03:00:00,2023,False,5.0
9220,Race,Sprint,2023-10-07T17:30:00+00:00,2023-10-07T18:30:00+00:00,1221,150,Lusail,149,QAT,Qatar,Lusail,03:00:00,2023,False,6.0
9221,Race,Race,2023-10-08T17:00:00+00:00,2023-10-08T19:00:00+00:00,1221,150,Lusail,149,QAT,Qatar,Lusail,03:00:00,2023,False,8.0
9206,Practice,Practice 1,2023-10-20T17:30:00+00:00,2023-10-20T18:30:00+00:00,1222,9,Austin,19,USA,United States,Austin,-05:00:00,2023,False,1.0
9207,Qualifying,Qualifying,2023-10-20T21:00:00+00:00,2023-10-20T22:00:00+00:00,1222,9,Austin,19,USA,United States,Austin,-05:00:00,2023,False,7.0
9294,Qualifying,Sprint Qualifying,2023-10-21T17:30:00+00:00,2023-10-21T18:14:00+00:00,1222,9,Austin,19,USA,United States,Austin,-05:00:00,2023,False,5.0
9212,Race,Sprint,2023-10-21T22:00:00+00:00,2023-10-21T23:00:00+00:00,1222,9,Austin,19,USA,United States,Austin,-05:00:00,2023,False,6.0
9213,Race,Race,2023-10-22T19:00:00+00:00,2023-10-22T21:00:00+00:00,1222,9,Austin,19,USA,United States,Austin,-05:00:00,2023,False,8.0
9174,Practice,Practice 1,2023-10-27T18:30:00+00:00,2023-10-27T19:30:00+00:00,1223,65,Mexico City,8,MEX,Mexico,Mexico City,-06:00:00,2023,False,1.0
9175,Practice,Practice 2,2023-10-27T22:00:00+00:00,2023-10-27T23:00:00+00:00,1223,65,Mexico City,8,MEX,Mexico,Mexico City,-06:00:00,2023,False,2.0
9176,Practice,Practice 3,2023-10-28T17:30:00+00:00,2023-10-28T18:30:00+00:00,1223,65,Mexico City,8,MEX,Mexico,Mexico City,-06:00:00,2023,False,3.0
9177,Qualifying,Qualifying,2023-10-28T21:00:00+00:00,2023-10-28T22:00:00+00:00,1223,65,Mexico City,8,MEX,Mexico,Mexico City,-06:00:00,2023,False,7.0
9181,Race,Race,2023-10-29T20:00:00+00:00,2023-10-29T22:00:00+00:00,1223,65,Mexico City,8,MEX,Mexico,Mexico City,-06:00:00,2023,False,8.0
9198,Practice,Practice 1,2023-11-03T14:30:00+00:00,2023-11-03T15:30:00+00:00,1224,14,Interlagos,10,BRA,Brazil,São Paulo,-03:00:00,2023,False,1.0
9304,Qualifying,Qualifying,2023-11-03T18:00:00+00:00,2023-11-03T19:00:00+00:00,1224,14,Interlagos,10,BRA,Brazil,São Paulo,-03:00:00,2023,False,7.0
9308,Qualifying,Sprint Qualifying,2023-11-04T14:00:00+00:00,2023-11-04T14:44:00+00:00,1224,14,Interlagos,10,BRA,Brazil,São Paulo,-03:00:00,2023,False,5.0
9204,Race,Sprint,2023-11-04T18:30:00+00:00,2023-11-04T19:00:00+00:00,1224,14,Interlagos,10,BRA,Brazil,São Paulo,-03:00:00,2023,False,6.0
9205,Race,Race,2023-11-05T17:00:00+00:00,2023-11-05T19:00:00+00:00,1224,14,Interlagos,10,BRA,Brazil,São Paulo,-03:00:00,2023,False,8.0
9182,Practice,Practice 1,2023-11-17T04:30:00+00:00,2023-11-17T05:30:00+00:00,1225,152,Las Vegas,19,USA,United States,Las Vegas,-08:00:00,2023,False,1.0
9183,Practice,Practice 2,2023-11-17T08:00:00+00:00,2023-11-17T09:00:00+00:00,1225,152,Las Vegas,19,USA,United States,Las Vegas,-08:00:00,2023,False,2.0
9184,Practice,Practice 3,2023-11-18T04:30:00+00:00,2023-11-18T05:30:00+00:00,1225,152,Las Vegas,19,USA,United States,Las Vegas,-08:00:00,2023,False,3.0
9314,Qualifying,Qualifying,2023-11-18T08:00:00+00:00,2023-11-18T09:00:00+00:00,1225,152,Las Vegas,19,USA,United States,Las Vegas,-08:00:00,2023,False,7.0
9189,Race,Race,2023-11-19T06:00:00+00:00,2023-11-19T07:59:59+00:00,1225,152,Las Vegas,19,USA,United States,Las Vegas,-08:00:00,2023,False,8.0
9190,Practice,Practice 1,2023-11-24T09:30:00+00:00,2023-11-24T10:30:00+00:00,1226,70,Yas Marina Circuit,21,UAE,United Arab Emirates,Yas Island,04:00:00,2023,False,1.0
9191,Practice,Practice 2,2023-11-24T13:00:00+00:00,2023-11-24T14:00:00+00:00,1226,70,Yas Marina Circuit,21,UAE,United Arab Emirates,Yas Island,04:00:00,2023,False,2.0
9192,Practice,Practice 3,2023-11-25T10:30:00+00:00,2023-11-25T11:30:00+00:00,1226,70,Yas Marina Circuit,21,UAE,United Arab Emirates,Yas Island,04:00:00,2023,False,3.0
9193,Qualifying,Qualifying,2023-11-25T14:00:00+00:00,2023-11-25T15:00:00+00:00,1226,70,Yas Marina Circuit,21,UAE,United Arab Emirates,Yas Island,04:00:00,2023,False,7.0
9197,Race,Race,2023-11-26T13:00:00+00:00,2023-11-26T15:00:00+00:00,1226,70,Yas Marina Circuit,21,UAE,United Arab Emirates,Yas Island,04:00:00,2023,False,8.0
9462,Practice,Day 1,2024-02-21T07:00:00+00:00,2024-02-21T16:00:00+00:00,1228,63,Sakhir,36,BRN,Bahrain,Sakhir,03:00:00,2024,False,99.0
9463,Practice,Day 2,2024-02-22T07:00:00+00:00,2024-02-22T16:00:00+00:00,1228,63,Sakhir,36,BRN,Bahrain,Sakhir,03:00:00,2024,False,99.0
9464,Practice,Day 3,2024-02-23T07:00:00+00:00,2024-02-23T16:00:00+00:00,1228,63,Sakhir,36,BRN,Bahrain,Sakhir,03:00:00,2024,False,99.0
9465,Practice,Practice 1,2024-02-29T11:30:00+00:00,2024-02-29T12:30:00+00:00,1229,63,Sakhir,36,BRN,Bahrain,Sakhir,03:00:00,2024,False,1.0
9466,Practice,Practice 2,2024-02-29T15:00:00+00:00,2024-02-29T16:00:00+00:00,1229,63,Sakhir,36,BRN,Bahrain,Sakhir,03:00:00,2024,False,2.0
9467,Practice,Practice 3,2024-03-01T12:30:00+00:00,2024-03-01T13:30:00+00:00,1229,63,Sakhir,36,BRN,Bahrain,Sakhir,03:00:00,2024,False,3.0
9468,Qualifying,Qualifying,2024-03-01T16:00:00+00:00,2024-03-01T17:00:00+00:00,1229,63,Sakhir,36,BRN,Bahrain,Sakhir,03:00:00,2024,False,7.0
9472,Race,Race,2024-03-02T15:00:00+00:00,2024-03-02T17:00:00+00:00,1229,63,Sakhir,36,BRN,Bahrain,Sakhir,03:00:00,2024,False,8.0
9473,Practice,Practice 1,2024-03-07T13:30:00+00:00,2024-03-07T14:30:00+00:00,1230,149,Jeddah,153,KSA,Saudi Arabia,Jeddah,03:00:00,2024,False,1.0
9474,Practice,Practice 2,2024-03-07T17:10:00+00:00,2024-03-07T18:10:00+00:00,1230,149,Jeddah,153,KSA,Saudi Arabia,Jeddah,03:00:00,2024,False,2.0
9475,Practice,Practice 3,2024-03-08T13:30:00+00:00,2024-03-08T14:30:00+00:00,1230,149,Jeddah,153,KSA,Saudi Arabia,Jeddah,03:00:00,2024,False,3.0
9476,Qualifying,Qualifying,2024-03-08T17:00:00+00:00,2024-03-08T18:00:00+00:00,1230,149,Jeddah,153,KSA,Saudi Arabia,Jeddah,03:00:00,2024,False,7.0
9480,Race,Race,2024-03-09T17:00:00+00:00,2024-03-09T19:00:00+00:00,1230,149,Jeddah,153,KSA,Saudi Arabia,Jeddah,03:00:00,2024,False,8.0
9481,Practice,Practice 1,2024-03-22T01:30:00+00:00,2024-03-22T02:30:00+00:00,1231,10,Melbourne,5,AUS,Australia,Melbourne,11:00:00,2024,False,1.0
9482,Practice,Practice 2,2024-03-22T05:00:00+00:00,2024-03-22T06:00:00+00:00,1231,10,Melbourne,5,AUS,Australia,Melbourne,11:00:00,2024,False,2.0
9483,Practice,Practice 3,2024-03-23T01:30:00+00:00,2024-03-23T02:30:00+00:00,1231,10,Melbourne,5,AUS,Australia,Melbourne,11:00:00,2024,False,3.0
9484,Qualifying,Qualifying,2024-03-23T05:00:00+00:00,2024-03-23T06:00:00+00:00,1231,10,Melbourne,5,AUS,Australia,Melbourne,11:00:00,2024,False,7.0
9488,Race,Race,2024-03-24T04:00:00+00:00,2024-03-24T06:00:00+00:00,1231,10,Melbourne,5,AUS,Australia,Melbourne,11:00:00,2024,False,8.0
9489,Practice,Practice 1,2024-04-05T02:30:00+00:00,2024-04-05T03:30:00+00:00,1232,46,Suzuka,4,JPN,Japan,Suzuka,09:00:00,2024,False,1.0
9490,Practice,Practice 2,2024-04-05T06:00:00+00:00,2024-04-05T07:00:00+00:00,1232,46,Suzuka,4,JPN,Japan,Suzuka,09:00:00,2024,False,2.0
9491,Practice,Practice 3,2024-04-06T02:30:00+00:00,2024-04-06T03:30:00+00:00,1232,46,Suzuka,4,JPN,Japan,Suzuka,09:00:00,2024,False,3.0
9492,Qualifying,Qualifying,2024-04-06T06:00:00+00:00,2024-04-06T07:00:00+00:00,1232,46,Suzuka,4,JPN,Japan,Suzuka,09:00:00,2024,False,7.0
9496,Race,Race,2024-04-07T05:00:00+00:00,2024-04-07T07:00:00+00:00,1232,46,Suzuka,4,JPN,Japan,Suzuka,09:00:00,2024,False,8.0
9663,Practice,Practice 1,2024-04-19T03:30:00+00:00,2024-04-19T04:30:00+00:00,1233,49,Shanghai,53,CHN,China,Shanghai,08:00:00,2024,False,1.0
9668,Qualifying,Sprint Qualifying,2024-04-19T07:30:00+00:00,2024-04-19T08:14:00+00:00,1233,49,Shanghai,53,CHN,China,Shanghai,08:00:00,2024,False,5.0
9672,Race,Sprint,2024-04-20T03:00:00+00:00,2024-04-20T04:00:00+00:00,1233,49,Shanghai,53,CHN,China,Shanghai,08:00:00,2024,False,6.0
9664,Qualifying,Qualifying,2024-04-20T07:00:00+00:00,2024-04-20T08:00:00+00:00,1233,49,Shanghai,53,CHN,China,Shanghai,08:00:00,2024,False,7.0
9673,Race,Race,2024-04-21T07:00:00+00:00,2024-04-21T09:00:00+00:00,1233,49,Shanghai,53,CHN,China,Shanghai,08:00:00,2024,False,8.0
9497,Practice,Practice 1,2024-05-03T16:30:00+00:00,2024-05-03T17:30:00+00:00,1234,151,Miami,19,USA,United States,Miami,-04:00:00,2024,False,1.0
9502,Qualifying,Sprint Qualifying,2024-05-03T20:30:00+00:00,2024-05-03T21:14:00+00:00,1234,151,Miami,19,USA,United States,Miami,-04:00:00,2024,False,5.0
9506,Race,Sprint,2024-05-04T16:00:00+00:00,2024-05-04T17:00:00+00:00,1234,151,Miami,19,USA,United States,Miami,-04:00:00,2024,False,6.0
9498,Qualifying,Qualifying,2024-05-04T20:00:00+00:00,2024-05-04T21:00:00+00:00,1234,151,Miami,19,USA,United States,Miami,-04:00:00,2024,False,7.0
9507,Race,Race,2024-05-05T20:00:00+00:00,2024-05-05T22:00:00+00:00,1234,151,Miami,19,USA,United States,Miami,-04:00:00,2024,False,8.0
9508,Practice,Practice 1,2024-05-17T11:30:00+00:00,2024-05-17T12:30:00+00:00,1235,6,Imola,13,ITA,Italy,Imola,02:00:00,2024,False,1.0
9509,Practice,Practice 2,2024-05-17T15:00:00+00:00,2024-05-17T16:00:00+00:00,1235,6,Imola,13,ITA,Italy,Imola,02:00:00,2024,False,2.0
9510,Practice,Practice 3,2024-05-18T10:30:00+00:00,2024-05-18T11:30:00+00:00,1235,6,Imola,13,ITA,Italy,Imola,02:00:00,2024,False,3.0
9511,Qualifying,Qualifying,2024-05-18T14:00:00+00:00,2024-05-18T15:00:00+00:00,1235,6,Imola,13,ITA,Italy,Imola,02:00:00,2024,False,7.0
9515,Race,Race,2024-05-19T13:00:00+00:00,2024-05-19T15:00:00+00:00,1235,6,Imola,13,ITA,Italy,Imola,02:00:00,2024,False,8.0
9516,Practice,Practice 1,2024-05-24T11:30:00+00:00,2024-05-24T12:30:00+00:00,1236,22,Monte Carlo,114,MON,Monaco,Monaco,02:00:00,2024,False,1.0
9517,Practice,Practice 2,2024-05-24T15:00:00+00:00,2024-05-24T16:00:00+00:00,1236,22,Monte Carlo,114,MON,Monaco,Monaco,02:00:00,2024,False,2.0
9518,Practice,Practice 3,2024-05-25T10:30:00+00:00,2024-05-25T11:30:00+00:00,1236,22,Monte Carlo,114,MON,Monaco,Monaco,02:00:00,2024,False,3.0
9519,Qualifying,Qualifying,2024-05-25T14:00:00+00:00,2024-05-25T15:00:00+00:00,1236,22,Monte Carlo,114,MON,Monaco,Monaco,02:00:00,2024,False,7.0
9523,Race,Race,2024-05-26T13:00:00+00:00,2024-05-26T15:00:00+00:00,1236,22,Monte Carlo,114,MON,Monaco,Monaco,02:00:00,2024,False,8.0
9524,Practice,Practice 1,2024-06-07T17:30:00+00:00,2024-06-07T18:30:00+00:00,1237,23,Montreal,46,CAN,Canada,Montréal,-04:00:00,2024,False,1.0
9525,Practice,Practice 2,2024-06-07T21:00:00+00:00,2024-06-07T22:00:00+00:00,1237,23,Montreal,46,CAN,Canada,Montréal,-04:00:00,2024,False,2.0
9526,Practice,Practice 3,2024-06-08T16:30:00+00:00,2024-06-08T17:30:00+00:00,1237,23,Montreal,46,CAN,Canada,Montréal,-04:00:00,2024,False,3.0
9527,Qualifying,Qualifying,2024-06-08T20:00:00+00:00,2024-06-08T21:00:00+00:00,1237,23,Montreal,46,CAN,Canada,Montréal,-04:00:00,2024,False,7.0
9531,Race,Race,2024-06-09T18:00:00+00:00,2024-06-09T20:00:00+00:00,1237,23,Montreal,46,CAN,Canada,Montréal,-04:00:00,2024,False,8.0
9532,Practice,Practice 1,2024-06-21T11:30:00+00:00,2024-06-21T12:30:00+00:00,1238,15,Catalunya,1,ESP,Spain,Barcelona,02:00:00,2024,False,1.0
9533,Practice,Practice 2,2024-06-21T15:00:00+00:00,2024-06-21T16:00:00+00:00,1238,15,Catalunya,1,ESP,Spain,Barcelona,02:00:00,2024,False,2.0
9534,Practice,Practice 3,2024-06-22T10:30:00+00:00,2024-06-22T11:30:00+00:00,1238,15,Catalunya,1,ESP,Spain,Barcelona,02:00:00,2024,False,3.0
9535,Qualifying,Qualifying,2024-06-22T14:00:00+00:00,2024-06-22T15:00:00+00:00,1238,15,Catalunya,1,ESP,Spain,Barcelona,02:00:00,2024,False,7.0
9539,Race,Race,2024-06-23T13:00:00+00:00,2024-06-23T15:00:00+00:00,1238,15,Catalunya,1,ESP,Spain,Barcelona,02:00:00,2024,False,8.0
9540,Practice,Practice 1,2024-06-28T10:30:00+00:00,2024-06-28T11:30:00+00:00,1239,19,Spielberg,17,AUT,Austria,Spielberg,02:00:00,2024,False,1.0
9545,Qualifying,Sprint Qualifying,2024-06-28T14:30:00+00:00,2024-06-28T15:14:00+00:00,1239,19,Spielberg,17,AUT,Austria,Spielberg,02:00:00,2024,False,5.0
9549,Race,Sprint,2024-06-29T10:00:00+00:00,2024-06-29T11:00:00+00:00,1239,19,Spielberg,17,AUT,Austria,Spielberg,02:00:00,2024,False,6.0
9541,Qualifying,Qualifying,2024-06-29T14:00:00+00:00,2024-06-29T15:00:00+00:00,1239,19,Spielberg,17,AUT,Austria,Spielberg,02:00:00,2024,False,7.0
9550,Race,Race,2024-06-30T13:00:00+00:00,2024-06-30T15:00:00+00:00,1239,19,Spielberg,17,AUT,Austria,Spielberg,02:00:00,2024,False,8.0
9551,Practice,Practice 1,2024-07-05T11:30:00+00:00,2024-07-05T12:30:00+00:00,1240,2,Silverstone,2,GBR,United Kingdom,Silverstone,01:00:00,2024,False,1.0
9552,Practice,Practice 2,2024-07-05T15:00:00+00:00,2024-07-05T16:00:00+00:00,1240,2,Silverstone,2,GBR,United Kingdom,Silverstone,01:00:00,2024,False,2.0
9553,Practice,Practice 3,2024-07-06T10:30:00+00:00,2024-07-06T11:30:00+00:00,1240,2,Silverstone,2,GBR,United Kingdom,Silverstone,01:00:00,2024,False,3.0
9554,Qualifying,Qualifying,2024-07-06T14:00:00+00:00,2024-07-06T15:00:00+00:00,1240,2,Silverstone,2,GBR,United Kingdom,Silverstone,01:00:00,2024,False,7.0
9558,Race,Race,2024-07-07T14:00:00+00:00,2024-07-07T16:00:00+00:00,1240,2,Silverstone,2,GBR,United Kingdom,Silverstone,01:00:00,2024,False,8.0
9559,Practice,Practice 1,2024-07-19T11:30:00+00:00,2024-07-19T12:30:00+00:00,1241,4,Hungaroring,14,HUN,Hungary,Budapest,02:00:00,2024,False,1.0
9560,Practice,Practice 2,2024-07-19T15:00:00+00:00,2024-07-19T16:00:00+00:00,1241,4,Hungaroring,14,HUN,Hungary,Budapest,02:00:00,2024,False,2.0
9561,Practice,Practice 3,2024-07-20T10:30:00+00:00,2024-07-20T11:30:00+00:00,1241,4,Hungaroring,14,HUN,Hungary,Budapest,02:00:00,2024,False,3.0
9562,Qualifying,Qualifying,2024-07-20T14:00:00+00:00,2024-07-20T15:00:00+00:00,1241,4,Hungaroring,14,HUN,Hungary,Budapest,02:00:00,2024,False,7.0
9566,Race,Race,2024-07-21T13:00:00+00:00,2024-07-21T15:00:00+00:00,1241,4,Hungaroring,14,HUN,Hungary,Budapest,02:00:00,2024,False,8.0
9567,Practice,Practice 1,2024-07-26T11:30:00+00:00,2024-07-26T12:30:00+00:00,1242,7,Spa-Francorchamps,16,BEL,Belgium,Spa-Francorchamps,02:00:00,2024,False,1.0
9568,Practice,Practice 2,2024-07-26T15:00:00+00:00,2024-07-26T16:00:00+00:00,1242,7,Spa-Francorchamps,16,BEL,Belgium,Spa-Francorchamps,02:00:00,2024,False,2.0
9569,Practice,Practice 3,2024-07-27T10:30:00+00:00,2024-07-27T11:30:00+00:00,1242,7,Spa-Francorchamps,16,BEL,Belgium,Spa-Francorchamps,02:00:00,2024,False,3.0
9570,Qualifying,Qualifying,2024-07-27T14:00:00+00:00,2024-07-27T15:00:00+00:00,1242,7,Spa-Francorchamps,16,BEL,Belgium,Spa-Francorchamps,02:00:00,2024,False,7.0
9574,Race,Race,2024-07-28T13:00:00+00:00,2024-07-28T15:00:00+00:00,1242,7,Spa-Francorchamps,16,BEL,Belgium,Spa-Francorchamps,02:00:00,2024,False,8.0
9575,Practice,Practice 1,2024-08-23T10:30:00+00:00,2024-08-23T11:30:00+00:00,1243,55,Zandvoort,133,NED,Netherlands,Zandvoort,02:00:00,2024,False,1.0
9576,Practice,Practice 2,2024-08-23T14:00:00+00:00,2024-08-23T15:00:00+00:00,1243,55,Zandvoort,133,NED,Netherlands,Zandvoort,02:00:00,2024,False,2.0
9577,Practice,Practice 3,2024-08-24T09:30:00+00:00,2024-08-24T10:30:00+00:00,1243,55,Zandvoort,133,NED,Netherlands,Zandvoort,02:00:00,2024,False,3.0
9578,Qualifying,Qualifying,2024-08-24T13:00:00+00:00,2024-08-24T14:00:00+00:00,1243,55,Zandvoort,133,NED,Netherlands,Zandvoort,02:00:00,2024,False,7.0
9582,Race,Race,2024-08-25T13:00:00+00:00,2024-08-25T15:00:00+00:00,1243,55,Zandvoort,133,NED,Netherlands,Zandvoort,02:00:00,2024,False,8.0
9583,Practice,Practice 1,2024-08-30T11:30:00+00:00,2024-08-30T12:30:00+00:00,1244,39,Monza,13,ITA,Italy,Monza,02:00:00,2024,False,1.0
9584,Practice,Practice 2,2024-08-30T15:00:00+00:00,2024-08-30T16:00:00+00:00,1244,39,Monza,13,ITA,Italy,Monza,02:00:00,2024,False,2.0
9585,Practice,Practice 3,2024-08-31T10:30:00+00:00,2024-08-31T11:30:00+00:00,1244,39,Monza,13,ITA,Italy,Monza,02:00:00,2024,False,3.0
9586,Qualifying,Qualifying,2024-08-31T14:00:00+00:00,2024-08-31T15:00:00+00:00,1244,39,Monza,13,ITA,Italy,Monza,02:00:00,2024,False,7.0
9590,Race,Race,2024-09-01T13:00:00+00:00,2024-09-01T15:00:00+00:00,1244,39,Monza,13,ITA,Italy,Monza,02:00:00,2024,False,8.0
9591,Practice,Practice 1,2024-09-13T09:30:00+00:00,2024-09-13T10:30:00+00:00,1245,144,Baku,30,AZE,Azerbaijan,Baku,04:00:00,2024,False,1.0
9592,Practice,Practice 2,2024-09-13T13:00:00+00:00,2024-09-13T14:00:00+00:00,1245,144,Baku,30,AZE,Azerbaijan,Baku,04:00:00,2024,False,2.0
9593,Practice,Practice 3,2024-09-14T08:30:00+00:00,2024-09-14T09:30:00+00:00,1245,144,Baku,30,AZE,Azerbaijan,Baku,04:00:00,2024,False,3.0
9594,Qualifying,Qualifying,2024-09-14T12:00:00+00:00,2024-09-14T13:00:00+00:00,1245,144,Baku,30,AZE,Azerbaijan,Baku,04:00:00,2024,False,7.0
9598,Race,Race,2024-09-15T11:00:00+00:00,2024-09-15T13:00:00+00:00,1245,144,Baku,30,AZE,Azerbaijan,Baku,04:00:00,2024,False,8.0
9599,Practice,Practice 1,2024-09-20T09:30:00+00:00,2024-09-20T10:30:00+00:00,1246,61,Singapore,157,SGP,Singapore,Marina Bay,08:00:00,2024,False,1.0
9600,Practice,Practice 2,2024-09-20T13:00:00+00:00,2024-09-20T14:00:00+00:00,1246,61,Singapore,157,SGP,Singapore,Marina Bay,08:00:00,2024,False,2.0
9601,Practice,Practice 3,2024-09-21T09:30:00+00:00,2024-09-21T10:30:00+00:00,1246,61,Singapore,157,SGP,Singapore,Marina Bay,08:00:00,2024,False,3.0
9602,Qualifying,Qualifying,2024-09-21T13:00:00+00:00,2024-09-21T14:00:00+00:00,1246,61,Singapore,157,SGP,Singapore,Marina Bay,08:00:00,2024,False,7.0
9606,Race,Race,2024-09-22T12:00:00+00:00,2024-09-22T14:00:00+00:00,1246,61,Singapore,157,SGP,Singapore,Marina Bay,08:00:00,2024,False,8.0
9607,Practice,Practice 1,2024-10-18T17:30:00+00:00,2024-10-18T18:30:00+00:00,1247,9,Austin,19,USA,United States,Austin,-05:00:00,2024,False,1.0
9612,Qualifying,Sprint Qualifying,2024-10-18T21:30:00+00:00,2024-10-18T22:14:00+00:00,1247,9,Austin,19,USA,United States,Austin,-05:00:00,2024,False,5.0
9616,Race,Sprint,2024-10-19T18:00:00+00:00,2024-10-19T19:00:00+00:00,1247,9,Austin,19,USA,United States,Austin,-05:00:00,2024,False,6.0
9608,Qualifying,Qualifying,2024-10-19T22:00:00+00:00,2024-10-19T23:00:00+00:00,1247,9,Austin,19,USA,United States,Austin,-05:00:00,2024,False,7.0
9617,Race,Race,2024-10-20T19:00:00+00:00,2024-10-20T21:00:00+00:00,1247,9,Austin,19,USA,United States,Austin,-05:00:00,2024,False,8.0
9618,Practice,Practice 1,2024-10-25T18:30:00+00:00,2024-10-25T19:30:00+00:00,1248,65,Mexico City,8,MEX,Mexico,Mexico City,-06:00:00,2024,False,1.0
9619,Practice,Practice 2,2024-10-25T22:00:00+00:00,2024-10-25T23:30:00+00:00,1248,65,Mexico City,8,MEX,Mexico,Mexico City,-06:00:00,2024,False,2.0
9620,Practice,Practice 3,2024-10-26T17:30:00+00:00,2024-10-26T18:30:00+00:00,1248,65,Mexico City,8,MEX,Mexico,Mexico City,-06:00:00,2024,False,3.0
9621,Qualifying,Qualifying,2024-10-26T21:00:00+00:00,2024-10-26T22:00:00+00:00,1248,65,Mexico City,8,MEX,Mexico,Mexico City,-06:00:00,2024,False,7.0
9625,Race,Race,2024-10-27T20:00:00+00:00,2024-10-27T22:00:00+00:00,1248,65,Mexico City,8,MEX,Mexico,Mexico City,-06:00:00,2024,False,8.0
9626,Practice,Practice 1,2024-11-01T14:30:00+00:00,2024-11-01T15:30:00+00:00,1249,14,Interlagos,10,BRA,Brazil,São Paulo,-03:00:00,2024,False,1.0
9631,Qualifying,Sprint Qualifying,2024-11-01T18:30:00+00:00,2024-11-01T19:14:00+00:00,1249,14,Interlagos,10,BRA,Brazil,São Paulo,-03:00:00,2024,False,5.0
9635,Race,Sprint,2024-11-02T14:00:00+00:00,2024-11-02T15:00:00+00:00,1249,14,Interlagos,10,BRA,Brazil,São Paulo,-03:00:00,2024,False,6.0
9627,Qualifying,Qualifying,2024-11-03T10:30:00+00:00,2024-11-03T11:30:00+00:00,1249,14,Interlagos,10,BRA,Brazil,São Paulo,-03:00:00,2024,False,7.0
9636,Race,Race,2024-11-03T15:30:00+00:00,2024-11-03T17:30:00+00:00,1249,14,Interlagos,10,BRA,Brazil,São Paulo,-03:00:00,2024,False,8.0
9637,Practice,Practice 1,2024-11-22T02:30:00+00:00,2024-11-22T03:30:00+00:00,1250,152,Las Vegas,19,USA,United States,Las Vegas,-08:00:00,2024,False,1.0
9638,Practice,Practice 2,2024-11-22T06:00:00+00:00,2024-11-22T07:00:00+00:00,1250,152,Las Vegas,19,USA,United States,Las Vegas,-08:00:00,2024,False,2.0
9639,Practice,Practice 3,2024-11-23T02:30:00+00:00,2024-11-23T03:30:00+00:00,1250,152,Las Vegas,19,USA,United States,Las Vegas,-08:00:00,2024,False,3.0
9640,Qualifying,Qualifying,2024-11-23T06:00:00+00:00,2024-11-23T07:00:00+00:00,1250,152,Las Vegas,19,USA,United States,Las Vegas,-08:00:00,2024,False,7.0
9644,Race,Race,2024-11-24T06:00:00+00:00,2024-11-24T07:59:59+00:00,1250,152,Las Vegas,19,USA,United States,Las Vegas,-08:00:00,2024,False,8.0
9645,Practice,Practice 1,2024-11-29T13:30:00+00:00,2024-11-29T14:30:00+00:00,1251,150,Lusail,149,QAT,Qatar,Lusail,03:00:00,2024,False,1.0
9650,Qualifying,Sprint Qualifying,2024-11-29T17:30:00+00:00,2024-11-29T18:14:00+00:00,1251,150,Lusail,149,QAT,Qatar,Lusail,03:00:00,2024,False,5.0
9654,Race,Sprint,2024-11-30T14:00:00+00:00,2024-11-30T15:00:00+00:00,1251,150,Lusail,149,QAT,Qatar,Lusail,03:00:00,2024,False,6.0
9646,Qualifying,Qualifying,2024-11-30T18:00:00+00:00,2024-11-30T19:00:00+00:00,1251,150,Lusail,149,QAT,Qatar,Lusail,03:00:00,2024,False,7.0
9655,Race,Race,2024-12-01T16:00:00+00:00,2024-12-01T18:00:00+00:00,1251,150,Lusail,149,QAT,Qatar,Lusail,03:00:00,2024,False,8.0
9461,Practice,Practice 1,2024-12-06T09:30:00+00:00,2024-12-06T10:30:00+00:00,1252,70,Yas Marina Circuit,21,UAE,United Arab Emirates,Yas Island,04:00:00,2024,False,1.0
9656,Practice,Practice 2,2024-12-06T13:00:00+00:00,2024-12-06T14:00:00+00:00,1252,70,Yas Marina Circuit,21,UAE,United Arab Emirates,Yas Island,04:00:00,2024,False,2.0
9657,Practice,Practice 3,2024-12-07T10:30:00+00:00,2024-12-07T11:30:00+00:00,1252,70,Yas Marina Circuit,21,UAE,United Arab Emirates,Yas Island,04:00:00,2024,False,3.0
9658,Qualifying,Qualifying,2024-12-07T14:00:00+00:00,2024-12-07T15:00:00+00:00,1252,70,Yas Marina Circuit,21,UAE,United Arab Emirates,Yas Island,04:00:00,2024,False,7.0
9662,Race,Race,2024-12-08T13:00:00+00:00,2024-12-08T15:00:00+00:00,1252,70,Yas Marina Circuit,21,UAE,United Arab Emirates,Yas Island,04:00:00,2024,False,8.0
9683,Practice,Day 1,2025-02-26T07:00:00+00:00,2025-02-26T16:00:00+00:00,1253,63,Sakhir,36,BRN,Bahrain,Sakhir,03:00:00,2025,False,99.0
9684,Practice,Day 2,2025-02-27T07:00:00+00:00,2025-02-27T16:00:00+00:00,1253,63,Sakhir,36,BRN,Bahrain,Sakhir,03:00:00,2025,False,99.0
9685,Practice,Day 3,2025-02-28T07:00:00+00:00,2025-02-28T16:00:00+00:00,1253,63,Sakhir,36,BRN,Bahrain,Sakhir,03:00:00,2025,False,99.0
9686,Practice,Practice 1,2025-03-14T01:30:00+00:00,2025-03-14T02:30:00+00:00,1254,10,Melbourne,5,AUS,Australia,Melbourne,11:00:00,2025,False,1.0
9687,Practice,Practice 2,2025-03-14T05:00:00+00:00,2025-03-14T06:00:00+00:00,1254,10,Melbourne,5,AUS,Australia,Melbourne,11:00:00,2025,False,2.0
9688,Practice,Practice 3,2025-03-15T01:30:00+00:00,2025-03-15T02:30:00+00:00,1254,10,Melbourne,5,AUS,Australia,Melbourne,11:00:00,2025,False,3.0
9689,Qualifying,Qualifying,2025-03-15T05:00:00+00:00,2025-03-15T06:00:00+00:00,1254,10,Melbourne,5,AUS,Australia,Melbourne,11:00:00,2025,False,7.0
9693,Race,Race,2025-03-16T04:00:00+00:00,2025-03-16T06:00:00+00:00,1254,10,Melbourne,5,AUS,Australia,Melbourne,11:00:00,2025,False,8.0
9988,Practice,Practice 1,2025-03-21T03:30:00+00:00,2025-03-21T04:30:00+00:00,1255,49,Shanghai,53,CHN,China,Shanghai,08:00:00,2025,False,1.0
9989,Qualifying,Sprint Qualifying,2025-03-21T07:30:00+00:00,2025-03-21T08:14:00+00:00,1255,49,Shanghai,53,CHN,China,Shanghai,08:00:00,2025,False,5.0
9993,Race,Sprint,2025-03-22T03:00:00+00:00,2025-03-22T04:00:00+00:00,1255,49,Shanghai,53,CHN,China,Shanghai,08:00:00,2025,False,6.0
9994,Qualifying,Qualifying,2025-03-22T07:00:00+00:00,2025-03-22T08:00:00+00:00,1255,49,Shanghai,53,CHN,China,Shanghai,08:00:00,2025,False,7.0
9998,Race,Race,2025-03-23T07:00:00+00:00,2025-03-23T09:00:00+00:00,1255,49,Shanghai,53,CHN,China,Shanghai,08:00:00,2025,False,8.0
9999,Practice,Practice 1,2025-04-04T02:30:00+00:00,2025-04-04T03:30:00+00:00,1256,46,Suzuka,4,JPN,Japan,Suzuka,09:00:00,2025,False,1.0
10000,Practice,Practice 2,2025-04-04T06:00:00+00:00,2025-04-04T07:00:00+00:00,1256,46,Suzuka,4,JPN,Japan,Suzuka,09:00:00,2025,False,2.0
10001,Practice,Practice 3,2025-04-05T02:30:00+00:00,2025-04-05T03:30:00+00:00,1256,46,Suzuka,4,JPN,Japan,Suzuka,09:00:00,2025,False,3.0
10002,Qualifying,Qualifying,2025-04-05T06:00:00+00:00,2025-04-05T07:00:00+00:00,1256,46,Suzuka,4,JPN,Japan,Suzuka,09:00:00,2025,False,7.0
10006,Race,Race,2025-04-06T05:00:00+00:00,2025-04-06T07:00:00+00:00,1256,46,Suzuka,4,JPN,Japan,Suzuka,09:00:00,2025,False,8.0
10007,Practice,Practice 1,2025-04-11T11:30:00+00:00,2025-04-11T12:30:00+00:00,1257,63,Sakhir,36,BRN,Bahrain,Sakhir,03:00:00,2025,False,1.0
10008,Practice,Practice 2,2025-04-11T15:00:00+00:00,2025-04-11T16:00:00+00:00,1257,63,Sakhir,36,BRN,Bahrain,Sakhir,03:00:00,2025,False,2.0
10009,Practice,Practice 3,2025-04-12T12:30:00+00:00,2025-04-12T13:30:00+00:00,1257,63,Sakhir,36,BRN,Bahrain,Sakhir,03:00:00,2025,False,3.0
10010,Qualifying,Qualifying,2025-04-12T16:00:00+00:00,2025-04-12T17:00:00+00:00,1257,63,Sakhir,36,BRN,Bahrain,Sakhir,03:00:00,2025,False,7.0
10014,Race,Race,2025-04-13T15:00:00+00:00,2025-04-13T17:00:00+00:00,1257,63,Sakhir,36,BRN,Bahrain,Sakhir,03:00:00,2025,False,8.0
10015,Practice,Practice 1,2025-04-18T13:30:00+00:00,2025-04-18T14:30:00+00:00,1258,149,Jeddah,153,KSA,Saudi Arabia,Jeddah,03:00:00,2025,False,1.0
10016,Practice,Practice 2,2025-04-18T17:00:00+00:00,2025-04-18T18:00:00+00:00,1258,149,Jeddah,153,KSA,Saudi Arabia,Jeddah,03:00:00,2025,False,2.0
10017,Practice,Practice 3,2025-04-19T13:30:00+00:00,2025-04-19T14:30:00+00:00,1258,149,Jeddah,153,KSA,Saudi Arabia,Jeddah,03:00:00,2025,False,3.0
10018,Qualifying,Qualifying,2025-04-19T17:00:00+00:00,2025-04-19T18:00:00+00:00,1258,149,Jeddah,153,KSA,Saudi Arabia,Jeddah,03:00:00,2025,False,7.0
10022,Race,Race,2025-04-20T17:00:00+00:00,2025-04-20T19:00:00+00:00,1258,149,Jeddah,153,KSA,Saudi Arabia,Jeddah,03:00:00,2025,False,8.0
10023,Practice,Practice 1,2025-05-02T16:30:00+00:00,2025-05-02T17:30:00+00:00,1259,151,Miami,19,USA,United States,Miami Gardens,-04:00:00,2025,False,1.0
10024,Qualifying,Sprint Qualifying,2025-05-02T20:30:00+00:00,2025-05-02T21:14:00+00:00,1259,151,Miami,19,USA,United States,Miami Gardens,-04:00:00,2025,False,5.0
10028,Race,Sprint,2025-05-03T16:00:00+00:00,2025-05-03T16:30:00+00:00,1259,151,Miami,19,USA,United States,Miami Gardens,-04:00:00,2025,False,6.0
10029,Qualifying,Qualifying,2025-05-03T20:00:00+00:00,2025-05-03T21:00:00+00:00,1259,151,Miami,19,USA,United States,Miami Gardens,-04:00:00,2025,False,7.0
10033,Race,Race,2025-05-04T20:00:00+00:00,2025-05-04T22:00:00+00:00,1259,151,Miami,19,USA,United States,Miami Gardens,-04:00:00,2025,False,8.0
9980,Practice,Practice 1,2025-05-16T11:30:00+00:00,2025-05-16T12:30:00+00:00,1260,6,Imola,13,ITA,Italy,Imola,02:00:00,2025,False,1.0
9981,Practice,Practice 2,2025-05-16T15:00:00+00:00,2025-05-16T16:00:00+00:00,1260,6,Imola,13,ITA,Italy,Imola,02:00:00,2025,False,2.0
9982,Practice,Practice 3,2025-05-17T10:30:00+00:00,2025-05-17T11:30:00+00:00,1260,6,Imola,13,ITA,Italy,Imola,02:00:00,2025,False,3.0
9983,Qualifying,Qualifying,2025-05-17T14:00:00+00:00,2025-05-17T15:00:00+00:00,1260,6,Imola,13,ITA,Italy,Imola,02:00:00,2025,False,7.0
9987,Race,Race,2025-05-18T13:00:00+00:00,2025-05-18T15:00:00+00:00,1260,6,Imola,13,ITA,Italy,Imola,02:00:00,2025,False,8.0
9972,Practice,Practice 1,2025-05-23T11:30:00+00:00,2025-05-23T12:30:00+00:00,1261,22,Monte Carlo,114,MON,Monaco,Monaco,02:00:00,2025,False,1.0
9973,Practice,Practice 2,2025-05-23T15:00:00+00:00,2025-05-23T16:00:00+00:00,1261,22,Monte Carlo,114,MON,Monaco,Monaco,02:00:00,2025,False,2.0
9974,Practice,Practice 3,2025-05-24T10:30:00+00:00,2025-05-24T11:30:00+00:00,1261,22,Monte Carlo,114,MON,Monaco,Monaco,02:00:00,2025,False,3.0
9975,Qualifying,Qualifying,2025-05-24T14:00:00+00:00,2025-05-24T15:00:00+00:00,1261,22,Monte Carlo,114,MON,Monaco,Monaco,02:00:00,2025,False,7.0
9979,Race,Race,2025-05-25T13:00:00+00:00,2025-05-25T15:00:00+00:00,1261,22,Monte Carlo,114,MON,Monaco,Monaco,02:00:00,2025,False,8.0
9964,Practice,Practice 1,2025-05-30T11:30:00+00:00,2025-05-30T12:30:00+00:00,1262,15,Catalunya,1,ESP,Spain,Barcelona,02:00:00,2025,False,1.0
9965,Practice,Practice 2,2025-05-30T15:00:00+00:00,2025-05-30T16:00:00+00:00,1262,15,Catalunya,1,ESP,Spain,Barcelona,02:00:00,2025,False,2.0
9966,Practice,Practice 3,2025-05-31T10:30:00+00:00,2025-05-31T11:30:00+00:00,1262,15,Catalunya,1,ESP,Spain,Barcelona,02:00:00,2025,False,3.0
9967,Qualifying,Qualifying,2025-05-31T14:00:00+00:00,2025-05-31T15:00:00+00:00,1262,15,Catalunya,1,ESP,Spain,Barcelona,02:00:00,2025,False,7.0
9971,Race,Race,2025-06-01T13:00:00+00:00,2025-06-01T15:00:00+00:00,1262,15,Catalunya,1,ESP,Spain,Barcelona,02:00:00,2025,False,8.0
9956,Practice,Practice 1,2025-06-13T17:30:00+00:00,2025-06-13T18:30:00+00:00,1263,23,Montreal,46,CAN,Canada,Montréal,-04:00:00,2025,False,1.0
9957,Practice,Practice 2,2025-06-13T21:00:00+00:00,2025-06-13T22:00:00+00:00,1263,23,Montreal,46,CAN,Canada,Montréal,-04:00:00,2025,False,2.0
9958,Practice,Practice 3,2025-06-14T16:30:00+00:00,2025-06-14T17:30:00+00:00,1263,23,Montreal,46,CAN,Canada,Montréal,-04:00:00,2025,False,3.0
9959,Qualifying,Qualifying,2025-06-14T20:00:00+00:00,2025-06-14T21:00:00+00:00,1263,23,Montreal,46,CAN,Canada,Montréal,-04:00:00,2025,False,7.0
9963,Race,Race,2025-06-15T18:00:00+00:00,2025-06-15T20:00:00+00:00,1263,23,Montreal,46,CAN,Canada,Montréal,-04:00:00,2025,False,8.0
9948,Practice,Practice 1,2025-06-27T11:30:00+00:00,2025-06-27T12:30:00+00:00,1264,19,Spielberg,17,AUT,Austria,Spielberg,02:00:00,2025,False,1.0
9949,Practice,Practice 2,2025-06-27T15:00:00+00:00,2025-06-27T16:00:00+00:00,1264,19,Spielberg,17,AUT,Austria,Spielberg,02:00:00,2025,False,2.0
9950,Practice,Practice 3,2025-06-28T10:30:00+00:00,2025-06-28T11:30:00+00:00,1264,19,Spielberg,17,AUT,Austria,Spielberg,02:00:00,2025,False,3.0
9951,Qualifying,Qualifying,2025-06-28T14:00:00+00:00,2025-06-28T15:00:00+00:00,1264,19,Spielberg,17,AUT,Austria,Spielberg,02:00:00,2025,False,7.0
9955,Race,Race,2025-06-29T13:00:00+00:00,2025-06-29T15:00:00+00:00,1264,19,Spielberg,17,AUT,Austria,Spielberg,02:00:00,2025,False,8.0
9940,Practice,Practice 1,2025-07-04T11:30:00+00:00,2025-07-04T12:30:00+00:00,1277,2,Silverstone,2,GBR,United Kingdom,Silverstone,01:00:00,2025,False,1.0
9941,Practice,Practice 2,2025-07-04T15:00:00+00:00,2025-07-04T16:00:00+00:00,1277,2,Silverstone,2,GBR,United Kingdom,Silverstone,01:00:00,2025,False,2.0
9942,Practice,Practice 3,2025-07-05T10:30:00+00:00,2025-07-05T11:30:00+00:00,1277,2,Silverstone,2,GBR,United Kingdom,Silverstone,01:00:00,2025,False,3.0
9943,Qualifying,Qualifying,2025-07-05T14:00:00+00:00,2025-07-05T15:00:00+00:00,1277,2,Silverstone,2,GBR,United Kingdom,Silverstone,01:00:00,2025,False,7.0
9947,Race,Race,2025-07-06T14:00:00+00:00,2025-07-06T16:00:00+00:00,1277,2,Silverstone,2,GBR,United Kingdom,Silverstone,01:00:00,2025,False,8.0
9929,Practice,Practice 1,2025-07-25T10:30:00+00:00,2025-07-25T11:30:00+00:00,1265,7,Spa-Francorchamps,16,BEL,Belgium,Spa-Francorchamps,02:00:00,2025,False,1.0
9930,Qualifying,Sprint Qualifying,2025-07-25T14:30:00+00:00,2025-07-25T15:14:00+00:00,1265,7,Spa-Francorchamps,16,BEL,Belgium,Spa-Francorchamps,02:00:00,2025,False,5.0
9934,Race,Sprint,2025-07-26T10:00:00+00:00,2025-07-26T10:30:00+00:00,1265,7,Spa-Francorchamps,16,BEL,Belgium,Spa-Francorchamps,02:00:00,2025,False,6.0
9935,Qualifying,Qualifying,2025-07-26T14:00:00+00:00,2025-07-26T15:00:00+00:00,1265,7,Spa-Francorchamps,16,BEL,Belgium,Spa-Francorchamps,02:00:00,2025,False,7.0
9939,Race,Race,2025-07-27T13:00:00+00:00,2025-07-27T15:00:00+00:00,1265,7,Spa-Francorchamps,16,BEL,Belgium,Spa-Francorchamps,02:00:00,2025,False,8.0
9921,Practice,Practice 1,2025-08-01T11:30:00+00:00,2025-08-01T12:30:00+00:00,1266,4,Hungaroring,14,HUN,Hungary,Budapest,02:00:00,2025,False,1.0
9922,Practice,Practice 2,2025-08-01T15:00:00+00:00,2025-08-01T16:00:00+00:00,1266,4,Hungaroring,14,HUN,Hungary,Budapest,02:00:00,2025,False,2.0
9923,Practice,Practice 3,2025-08-02T10:30:00+00:00,2025-08-02T11:30:00+00:00,1266,4,Hungaroring,14,HUN,Hungary,Budapest,02:00:00,2025,False,3.0
9924,Qualifying,Qualifying,2025-08-02T14:00:00+00:00,2025-08-02T15:00:00+00:00,1266,4,Hungaroring,14,HUN,Hungary,Budapest,02:00:00,2025,False,7.0
9928,Race,Race,2025-08-03T13:00:00+00:00,2025-08-03T15:00:00+00:00,1266,4,Hungaroring,14,HUN,Hungary,Budapest,02:00:00,2025,False,8.0
9913,Practice,Practice 1,2025-08-29T10:30:00+00:00,2025-08-29T11:30:00+00:00,1267,55,Zandvoort,133,NED,Netherlands,Zandvoort,02:00:00,2025,False,1.0
9914,Practice,Practice 2,2025-08-29T14:00:00+00:00,2025-08-29T15:00:00+00:00,1267,55,Zandvoort,133,NED,Netherlands,Zandvoort,02:00:00,2025,False,2.0
9915,Practice,Practice 3,2025-08-30T09:30:00+00:00,2025-08-30T10:30:00+00:00,1267,55,Zandvoort,133,NED,Netherlands,Zandvoort,02:00:00,2025,False,3.0
9916,Qualifying,Qualifying,2025-08-30T13:00:00+00:00,2025-08-30T14:00:00+00:00,1267,55,Zandvoort,133,NED,Netherlands,Zandvoort,02:00:00,2025,False,7.0
9920,Race,Race,2025-08-31T13:00:00+00:00,2025-08-31T15:00:00+00:00,1267,55,Zandvoort,133,NED,Netherlands,Zandvoort,02:00:00,2025,False,8.0
9905,Practice,Practice 1,2025-09-05T11:30:00+00:00,2025-09-05T12:30:00+00:00,1268,39,Monza,13,ITA,Italy,Monza,02:00:00,2025,False,1.0
9906,Practice,Practice 2,2025-09-05T15:00:00+00:00,2025-09-05T16:00:00+00:00,1268,39,Monza,13,ITA,Italy,Monza,02:00:00,2025,False,2.0
9907,Practice,Practice 3,2025-09-06T10:30:00+00:00,2025-09-06T11:30:00+00:00,1268,39,Monza,13,ITA,Italy,Monza,02:00:00,2025,False,3.0
9908,Qualifying,Qualifying,2025-09-06T14:00:00+00:00,2025-09-06T15:00:00+00:00,1268,39,Monza,13,ITA,Italy,Monza,02:00:00,2025,False,7.0
9912,Race,Race,2025-09-07T13:00:00+00:00,2025-09-07T15:00:00+00:00,1268,39,Monza,13,ITA,Italy,Monza,02:00:00,2025,False,8.0
9897,Practice,Practice 1,2025-09-19T08:30:00+00:00,2025-09-19T09:30:00+00:00,1269,144,Baku,30,AZE,Azerbaijan,Baku,04:00:00,2025,False,1.0
9898,Practice,Practice 2,2025-09-19T12:00:00+00:00,2025-09-19T13:00:00+00:00,1269,144,Baku,30,AZE,Azerbaijan,Baku,04:00:00,2025,False,2.0
9899,Practice,Practice 3,2025-09-20T08:30:00+00:00,2025-09-20T09:30:00+00:00,1269,144,Baku,30,AZE,Azerbaijan,Baku,04:00:00,2025,False,3.0
9900,Qualifying,Qualifying,2025-09-20T12:00:00+00:00,2025-09-20T13:00:00+00:00,1269,144,Baku,30,AZE,Azerbaijan,Baku,04:00:00,2025,False,7.0
9904,Race,Race,2025-09-21T11:00:00+00:00,2025-09-21T13:00:00+00:00,1269,144,Baku,30,AZE,Azerbaijan,Baku,04:00:00,2025,False,8.0
9889,Practice,Practice 1,2025-10-03T09:30:00+00:00,2025-10-03T10:30:00+00:00,1270,61,Singapore,157,SGP,Singapore,Marina Bay,08:00:00,2025,False,1.0
9890,Practice,Practice 2,2025-10-03T13:00:00+00:00,2025-10-03T14:00:00+00:00,1270,61,Singapore,157,SGP,Singapore,Marina Bay,08:00:00,2025,False,2.0
9891,Practice,Practice 3,2025-10-04T09:30:00+00:00,2025-10-04T10:30:00+00:00,1270,61,Singapore,157,SGP,Singapore,Marina Bay,08:00:00,2025,False,3.0
9892,Qualifying,Qualifying,2025-10-04T13:00:00+00:00,2025-10-04T14:00:00+00:00,1270,61,Singapore,157,SGP,Singapore,Marina Bay,08:00:00,2025,False,7.0
9896,Race,Race,2025-10-05T12:00:00+00:00,2025-10-05T14:00:00+00:00,1270,61,Singapore,157,SGP,Singapore,Marina Bay,08:00:00,2025,False,8.0
9878,Practice,Practice 1,2025-10-17T17:30:00+00:00,2025-10-17T18:30:00+00:00,1271,9,Austin,19,USA,United States,Austin,-05:00:00,2025,False,1.0
9879,Qualifying,Sprint Qualifying,2025-10-17T21:30:00+00:00,2025-10-17T22:14:00+00:00,1271,9,Austin,19,USA,United States,Austin,-05:00:00,2025,False,5.0
9883,Race,Sprint,2025-10-18T17:00:00+00:00,2025-10-18T17:30:00+00:00,1271,9,Austin,19,USA,United States,Austin,-05:00:00,2025,False,6.0
9884,Qualifying,Qualifying,2025-10-18T21:00:00+00:00,2025-10-18T22:00:00+00:00,1271,9,Austin,19,USA,United States,Austin,-05:00:00,2025,False,7.0
9888,Race,Race,2025-10-19T19:00:00+00:00,2025-10-19T21:00:00+00:00,1271,9,Austin,19,USA,United States,Austin,-05:00:00,2025,False,8.0
9870,Practice,Practice 1,2025-10-24T18:30:00+00:00,2025-10-24T19:30:00+00:00,1272,65,Mexico City,8,MEX,Mexico,Mexico City,-06:00:00,2025,False,1.0
9871,Practice,Practice 2,2025-10-24T22:00:00+00:00,2025-10-24T23:00:00+00:00,1272,65,Mexico City,8,MEX,Mexico,Mexico City,-06:00:00,2025,False,2.0
9872,Practice,Practice 3,2025-10-25T17:30:00+00:00,2025-10-25T18:30:00+00:00,1272,65,Mexico City,8,MEX,Mexico,Mexico City,-06:00:00,2025,False,3.0
9873,Qualifying,Qualifying,2025-10-25T21:00:00+00:00,2025-10-25T22:00:00+00:00,1272,65,Mexico City,8,MEX,Mexico,Mexico City,-06:00:00,2025,False,7.0
9877,Race,Race,2025-10-26T20:00:00+00:00,2025-10-26T22:00:00+00:00,1272,65,Mexico City,8,MEX,Mexico,Mexico City,-06:00:00,2025,False,8.0
9859,Practice,Practice 1,2025-11-07T14:30:00+00:00,2025-11-07T15:30:00+00:00,1273,14,Interlagos,10,BRA,Brazil,São Paulo,-03:00:00,2025,False,1.0
9860,Qualifying,Sprint Qualifying,2025-11-07T18:30:00+00:00,2025-11-07T19:14:00+00:00,1273,14,Interlagos,10,BRA,Brazil,São Paulo,-03:00:00,2025,False,5.0
9864,Race,Sprint,2025-11-08T14:00:00+00:00,2025-11-08T15:00:00+00:00,1273,14,Interlagos,10,BRA,Brazil,São Paulo,-03:00:00,2025,False,6.0
9865,Qualifying,Qualifying,2025-11-08T18:00:00+00:00,2025-11-08T19:00:00+00:00,1273,14,Interlagos,10,BRA,Brazil,São Paulo,-03:00:00,2025,False,7.0
9869,Race,Race,2025-11-09T17:00:00+00:00,2025-11-09T19:00:00+00:00,1273,14,Interlagos,10,BRA,Brazil,São Paulo,-03:00:00,2025,False,8.0
9851,Practice,Practice 1,2025-11-21T00:30:00+00:00,2025-11-21T01:30:00+00:00,1274,152,Las Vegas,19,USA,United States,Las Vegas,-08:00:00,2025,False,1.0
9852,Practice,Practice 2,2025-11-21T04:00:00+00:00,2025-11-21T05:00:00+00:00,1274,152,Las Vegas,19,USA,United States,Las Vegas,-08:00:00,2025,False,2.0
9853,Practice,Practice 3,2025-11-22T00:30:00+00:00,2025-11-22T01:30:00+00:00,1274,152,Las Vegas,19,USA,United States,Las Vegas,-08:00:00,2025,False,3.0
9854,Qualifying,Qualifying,2025-11-22T04:00:00+00:00,2025-11-22T05:00:00+00:00,1274,152,Las Vegas,19,USA,United States,Las Vegas,-08:00:00,2025,False,7.0
9858,Race,Race,2025-11-23T04:00:00+00:00,2025-11-23T06:00:00+00:00,1274,152,Las Vegas,19,USA,United States,Las Vegas,-08:00:00,2025,False,8.0
9840,Practice,Practice 1,2025-11-28T13:30:00+00:00,2025-11-28T14:30:00+00:00,1275,150,Lusail,149,QAT,Qatar,Lusail,03:00:00,2025,False,1.0
9841,Qualifying,Sprint Qualifying,2025-11-28T17:30:00+00:00,2025-11-28T18:14:00+00:00,1275,150,Lusail,149,QAT,Qatar,Lusail,03:00:00,2025,False,5.0
9845,Race,Sprint,2025-11-29T14:00:00+00:00,2025-11-29T15:00:00+00:00,1275,150,Lusail,149,QAT,Qatar,Lusail,03:00:00,2025,False,6.0
9846,Qualifying,Qualifying,2025-11-29T18:00:00+00:00,2025-11-29T19:00:00+00:00,1275,150,Lusail,149,QAT,Qatar,Lusail,03:00:00,2025,False,7.0
9850,Race,Race,2025-11-30T16:00:00+00:00,2025-11-30T18:00:00+00:00,1275,150,Lusail,149,QAT,Qatar,Lusail,03:00:00,2025,False,8.0
9832,Practice,Practice 1,2025-12-05T09:30:00+00:00,2025-12-05T10:30:00+00:00,1276,70,Yas Marina Circuit,21,UAE,United Arab Emirates,Yas Island,04:00:00,2025,False,1.0
9833,Practice,Practice 2,2025-12-05T13:00:00+00:00,2025-12-05T14:00:00+00:00,1276,70,Yas Marina Circuit,21,UAE,United Arab Emirates,Yas Island,04:00:00,2025,False,2.0
9834,Practice,Practice 3,2025-12-06T10:30:00+00:00,2025-12-06T11:30:00+00:00,1276,70,Yas Marina Circuit,21,UAE,United Arab Emirates,Yas Island,04:00:00,2025,False,3.0
9835,Qualifying,Qualifying,2025-12-06T14:00:00+00:00,2025-12-06T15:00:00+00:00,1276,70,Yas Marina Circuit,21,UAE,United Arab Emirates,Yas Island,04:00:00,2025,False,7.0
9839,Race,Race,2025-12-07T13:00:00+00:00,2025-12-07T15:00:00+00:00,1276,70,Yas Marina Circuit,21,UAE,United Arab Emirates,Yas Island,04:00:00,2025,False,8.0
